,dt,open,close,high,low,vol,turnover,ts
0,2023-03-16 21:31:00,96.0,96.07,96.8,95.67,1139056,109779136.0,1678973460
1,2023-03-16 21:32:00,96.11,95.67,96.11,95.67,329634,31688240.0,1678973520
2,2023-03-16 21:33:00,95.59,95.59,95.62,95.34,191140,18292352.0,1678973580
3,2023-03-16 21:34:00,95.695,95.775,95.87,95.695,136595,13115456.0,1678973640
4,2023-03-16 21:35:00,95.78,95.87,95.92,95.78,132998,12769600.0,1678973700
5,2023-03-16 21:36:00,95.97,96.12,96.12,95.94,113986,10963216.0,1678973760
6,2023-03-16 21:37:00,96.15,95.99,96.15,95.985,147963,14244528.0,1678973820
7,2023-03-16 21:38:00,96.06,96.25,96.25,96.06,182503,17584080.0,1678973880
8,2023-03-16 21:39:00,96.405,96.45,96.49,96.355,133720,12917120.0,1678973940
9,2023-03-16 21:40:00,96.43,96.52,96.52,96.43,94376,9121344.0,1678974000
10,2023-03-16 21:41:00,96.55,96.473,96.61,96.46,325018,31431904.0,1678974060
11,2023-03-16 21:42:00,96.57,96.742,96.742,96.49,183853,17794336.0,1678974120
12,2023-03-16 21:43:00,96.71,96.49,96.76,96.49,418653,40542240.0,1678974180
13,2023-03-16 21:44:00,96.51,96.26,96.51,96.26,256473,24790720.0,1678974240
14,2023-03-16 21:45:00,96.28,96.49,96.49,96.28,233835,22579680.0,1678974300
15,2023-03-16 21:46:00,96.545,96.4,96.545,96.4,175388,16950560.0,1678974360
16,2023-03-16 21:47:00,96.44,96.4,96.44,96.38,112681,10885056.0,1678974420
17,2023-03-16 21:48:00,96.44,96.52,96.55,96.44,135594,13110048.0,1678974480
18,2023-03-16 21:49:00,96.46,96.629,96.63,96.46,95894,9279552.0,1678974540
19,2023-03-16 21:50:00,96.642,96.67,96.71,96.62,107566,10420704.0,1678974600
20,2023-03-16 21:51:00,96.74,96.88,96.88,96.74,322653,31297824.0,1678974660
21,2023-03-16 21:52:00,96.94,97.01,97.01,96.93,152496,14814688.0,1678974720
22,2023-03-16 21:53:00,97.037,97.067,97.067,96.945,161706,15718400.0,1678974780
23,2023-03-16 21:54:00,97.09,97.08,97.095,97.08,203034,19747936.0,1678974840
24,2023-03-16 21:55:00,97.085,97.11,97.155,97.055,177460,17271040.0,1678974900
25,2023-03-16 21:56:00,97.17,97.21,97.21,97.125,124556,12136384.0,1678974960
26,2023-03-16 21:57:00,97.28,97.35,97.35,97.245,290983,28373504.0,1678975020
27,2023-03-16 21:58:00,97.368,97.3,97.5,97.3,258392,25235904.0,1678975080
28,2023-03-16 21:59:00,97.29,97.29,97.29,97.17,108602,10587904.0,1678975140
29,2023-03-16 22:00:00,97.3,97.45,97.45,97.3,147400,14397120.0,1678975200
30,2023-03-16 22:01:00,97.445,97.36,97.445,97.3,135204,13198720.0,1678975260
31,2023-03-16 22:02:00,97.38,97.48,97.59,97.35,179666,17561920.0,1678975320
32,2023-03-16 22:03:00,97.48,97.4,97.48,97.385,96750,9456448.0,1678975380
33,2023-03-16 22:04:00,97.3,97.32,97.32,97.2,96115,9374144.0,1678975440
34,2023-03-16 22:05:00,97.285,97.34,97.36,97.285,116782,11388928.0,1678975500
35,2023-03-16 22:06:00,97.28,97.11,97.28,97.11,154196,15019456.0,1678975560
36,2023-03-16 22:07:00,96.995,97.1,97.1,96.98,171217,16653760.0,1678975620
37,2023-03-16 22:08:00,97.085,97.225,97.225,97.04,103798,10109120.0,1678975680
38,2023-03-16 22:09:00,97.225,97.2,97.34,97.2,130145,12692480.0,1678975740
39,2023-03-16 22:10:00,97.265,97.202,97.315,97.18,123112,12002368.0,1678975800
40,2023-03-16 22:11:00,97.3,97.44,97.44,97.26,87481,8541056.0,1678975860
41,2023-03-16 22:12:00,97.439,97.51,97.51,97.435,164405,16070528.0,1678975920
42,2023-03-16 22:13:00,97.51,97.57,97.68,97.51,148773,14559040.0,1678975980
43,2023-03-16 22:14:00,97.594,97.49,97.6,97.49,107782,10542976.0,1678976040
44,2023-03-16 22:15:00,97.575,97.64,97.665,97.535,146491,14337280.0,1678976100
45,2023-03-16 22:16:00,97.665,97.6,97.665,97.515,167807,16426176.0,1678976160
46,2023-03-16 22:17:00,97.6,97.53,97.68,97.53,150979,14777216.0,1678976220
47,2023-03-16 22:18:00,97.565,97.562,97.6,97.51,115078,11262208.0,1678976280
48,2023-03-16 22:19:00,97.55,97.48,97.57,97.48,146518,14332160.0,1678976340
49,2023-03-16 22:20:00,97.425,97.37,97.425,97.35,222917,21768960.0,1678976400
50,2023-03-16 22:21:00,97.35,97.38,97.38,97.315,141641,13815552.0,1678976460
51,2023-03-16 22:22:00,97.39,97.48,97.55,97.38,128379,12535744.0,1678976520
52,2023-03-16 22:23:00,97.52,97.759,97.759,97.52,127581,12487552.0,1678976580
53,2023-03-16 22:24:00,97.77,97.77,97.79,97.72,384050,37633600.0,1678976640
54,2023-03-16 22:25:00,97.74,97.71,97.74,97.685,196733,19267904.0,1678976700
55,2023-03-16 22:26:00,97.645,97.751,97.751,97.645,131333,12856960.0,1678976760
56,2023-03-16 22:27:00,97.79,97.79,97.79,97.72,119588,11718720.0,1678976820
57,2023-03-16 22:28:00,97.815,97.83,97.87,97.8,146651,14377216.0,1678976880
58,2023-03-16 22:29:00,97.805,97.72,97.805,97.7,128926,12628032.0,1678976940
59,2023-03-16 22:30:00,97.579,97.491,97.579,97.46,119730,11706368.0,1678977000
60,2023-03-16 22:31:00,97.493,97.38,97.52,97.38,110484,10791744.0,1678977060
61,2023-03-16 22:32:00,97.436,97.565,97.605,97.436,78398,7659136.0,1678977120
62,2023-03-16 22:33:00,97.63,97.665,97.665,97.477,136425,13331968.0,1678977180
63,2023-03-16 22:34:00,97.72,97.635,97.72,97.635,134502,13155712.0,1678977240
64,2023-03-16 22:35:00,97.615,97.61,97.66,97.515,103671,10131840.0,1678977300
65,2023-03-16 22:36:00,97.61,97.635,97.66,97.61,67383,6588928.0,1678977360
66,2023-03-16 22:37:00,97.735,97.56,97.735,97.56,122816,12012160.0,1678977420
67,2023-03-16 22:38:00,97.55,97.74,97.74,97.55,76288,7459584.0,1678977480
68,2023-03-16 22:39:00,97.765,97.78,97.82,97.693,170381,16692608.0,1678977540
69,2023-03-16 22:40:00,97.805,97.82,97.83,97.8,105513,10349952.0,1678977600
70,2023-03-16 22:41:00,97.865,98.12,98.12,97.865,217084,21324928.0,1678977660
71,2023-03-16 22:42:00,98.09,98.26,98.26,98.09,203973,20071552.0,1678977720
72,2023-03-16 22:43:00,98.21,98.215,98.245,98.16,260508,25644160.0,1678977780
73,2023-03-16 22:44:00,98.195,98.248,98.248,98.155,164363,16180864.0,1678977840
74,2023-03-16 22:45:00,98.28,98.28,98.28,98.26,123670,12181632.0,1678977900
75,2023-03-16 22:46:00,98.29,98.32,98.36,98.285,181871,17920128.0,1678977960
76,2023-03-16 22:47:00,98.345,98.3,98.345,98.19,116242,11449472.0,1678978020
77,2023-03-16 22:48:00,98.34,98.55,98.55,98.34,166468,16427776.0,1678978080
78,2023-03-16 22:49:00,98.568,98.54,98.568,98.53,148570,14669824.0,1678978140
79,2023-03-16 22:50:00,98.57,98.6,98.64,98.55,256284,25318272.0,1678978200
80,2023-03-16 22:51:00,98.59,98.69,98.69,98.59,163694,16174208.0,1678978260
81,2023-03-16 22:52:00,98.66,98.68,98.69,98.62,170178,16820608.0,1678978320
82,2023-03-16 22:53:00,98.695,98.765,98.79,98.695,143687,14213248.0,1678978380
83,2023-03-16 22:54:00,98.78,98.785,98.8,98.77,216933,21473920.0,1678978440
84,2023-03-16 22:55:00,98.875,98.97,98.97,98.87,209449,20752896.0,1678978500
85,2023-03-16 22:56:00,98.97,99.11,99.24,98.97,342565,34028928.0,1678978560
86,2023-03-16 22:57:00,99.13,99.12,99.13,99.09,373828,37157888.0,1678978620
87,2023-03-16 22:58:00,99.145,98.88,99.145,98.88,198669,19729792.0,1678978680
88,2023-03-16 22:59:00,98.82,98.86,98.87,98.82,170399,16872448.0,1678978740
89,2023-03-16 23:00:00,98.84,98.92,98.92,98.84,113559,11246464.0,1678978800
90,2023-03-16 23:01:00,98.96,99.16,99.16,98.96,322026,31970816.0,1678978860
91,2023-03-16 23:02:00,99.07,99.055,99.08,99.01,178618,17750912.0,1678978920
92,2023-03-16 23:03:00,99.08,99.045,99.08,99.02,83481,8299648.0,1678978980
93,2023-03-16 23:04:00,99.02,98.96,99.02,98.95,96358,9555328.0,1678979040
94,2023-03-16 23:05:00,99.0,98.945,99.053,98.945,177992,17660416.0,1678979100
95,2023-03-16 23:06:00,98.91,99.0,99.0,98.89,109496,10850432.0,1678979160
96,2023-03-16 23:07:00,98.985,99.14,99.14,98.985,150088,14904960.0,1678979220
97,2023-03-16 23:08:00,99.17,99.16,99.24,99.16,161818,16094208.0,1678979280
98,2023-03-16 23:09:00,99.27,99.315,99.315,99.222,342588,34086272.0,1678979340
99,2023-03-16 23:10:00,99.3,99.23,99.305,99.18,132606,13197440.0,1678979400
100,2023-03-16 23:11:00,99.348,99.38,99.38,99.3,157190,15659008.0,1678979460
101,2023-03-16 23:12:00,99.42,99.48,99.48,99.42,147660,14723200.0,1678979520
102,2023-03-16 23:13:00,99.5,99.53,99.53,99.48,239056,23842816.0,1678979580
103,2023-03-16 23:14:00,99.51,99.52,99.56,99.51,349984,34915328.0,1678979640
104,2023-03-16 23:15:00,99.59,99.78,99.785,99.59,361560,36128128.0,1678979700
105,2023-03-16 23:16:00,99.78,99.8,99.82,99.775,667988,66792192.0,1678979760
106,2023-03-16 23:17:00,99.76,99.96,99.96,99.76,263774,26381440.0,1678979820
107,2023-03-16 23:18:00,99.94,99.975,99.975,99.84,193692,19389952.0,1678979880
108,2023-03-16 23:19:00,99.945,99.945,99.95,99.903,208030,20823680.0,1678979940
109,2023-03-16 23:20:00,99.9,99.89,99.95,99.89,149668,14978816.0,1678980000
110,2023-03-16 23:21:00,99.919,99.709,99.919,99.709,301820,30170880.0,1678980060
111,2023-03-16 23:22:00,99.665,99.6,99.665,99.6,188224,18798976.0,1678980120
112,2023-03-16 23:23:00,99.615,99.73,99.79,99.615,185520,18538880.0,1678980180
113,2023-03-16 23:24:00,99.73,99.83,99.83,99.65,156244,15609216.0,1678980240
114,2023-03-16 23:25:00,99.79,99.765,99.81,99.765,161888,16187008.0,1678980300
115,2023-03-16 23:26:00,99.76,99.76,99.785,99.73,177470,17740800.0,1678980360
116,2023-03-16 23:27:00,99.84,99.64,99.84,99.64,244150,24400640.0,1678980420
117,2023-03-16 23:28:00,99.7,99.64,99.76,99.635,128370,12815360.0,1678980480
118,2023-03-16 23:29:00,99.54,99.69,99.69,99.54,203800,20336384.0,1678980540
119,2023-03-16 23:30:00,99.711,99.73,99.73,99.67,254486,25426688.0,1678980600
120,2023-03-16 23:31:00,99.745,99.715,99.765,99.715,236828,23659520.0,1678980660
121,2023-03-16 23:32:00,99.705,99.655,99.727,99.65,117720,11755520.0,1678980720
122,2023-03-16 23:33:00,99.71,99.6,99.71,99.54,212432,21205760.0,1678980780
123,2023-03-16 23:34:00,99.55,99.635,99.645,99.55,142528,14222592.0,1678980840
124,2023-03-16 23:35:00,99.635,99.595,99.64,99.58,179108,17871360.0,1678980900
125,2023-03-16 23:36:00,99.585,99.67,99.67,99.55,120894,12063488.0,1678980960
126,2023-03-16 23:37:00,99.655,99.631,99.665,99.61,178476,17824768.0,1678981020
127,2023-03-16 23:38:00,99.66,99.69,99.69,99.63,99110,9892608.0,1678981080
128,2023-03-16 23:39:00,99.69,99.8,99.8,99.69,218100,21792000.0,1678981140
129,2023-03-16 23:40:00,99.78,99.82,99.82,99.755,118480,11839488.0,1678981200
130,2023-03-16 23:41:00,99.785,99.826,99.84,99.76,120772,12069632.0,1678981260
131,2023-03-16 23:42:00,99.795,99.77,99.795,99.745,98136,9808128.0,1678981320
132,2023-03-16 23:43:00,99.83,99.82,99.83,99.76,145378,14529536.0,1678981380
133,2023-03-16 23:44:00,99.785,99.83,99.845,99.785,231898,23191808.0,1678981440
134,2023-03-16 23:45:00,99.851,99.84,99.875,99.83,152662,15266560.0,1678981500
135,2023-03-16 23:46:00,99.835,99.66,99.835,99.66,173334,17317120.0,1678981560
136,2023-03-16 23:47:00,99.665,99.65,99.72,99.64,186956,18664448.0,1678981620
137,2023-03-16 23:48:00,99.655,99.77,99.77,99.655,94334,9418752.0,1678981680
138,2023-03-16 23:49:00,99.73,99.71,99.78,99.71,97818,9773824.0,1678981740
139,2023-03-16 23:50:00,99.745,99.6,99.76,99.6,139804,13962496.0,1678981800
140,2023-03-16 23:51:00,99.607,99.562,99.607,99.54,100830,10058752.0,1678981860
141,2023-03-16 23:52:00,99.575,99.57,99.595,99.54,138986,13866240.0,1678981920
142,2023-03-16 23:53:00,99.505,99.48,99.505,99.433,146618,14611200.0,1678981980
143,2023-03-16 23:54:00,99.49,99.38,99.49,99.32,98118,9773824.0,1678982040
144,2023-03-16 23:55:00,99.415,99.35,99.42,99.324,111752,11130112.0,1678982100
145,2023-03-16 23:56:00,99.39,99.375,99.39,99.34,66014,6570496.0,1678982160
146,2023-03-16 23:57:00,99.366,99.23,99.366,99.185,123018,12238336.0,1678982220
147,2023-03-16 23:58:00,99.27,99.43,99.43,99.27,126416,12581888.0,1678982280
148,2023-03-16 23:59:00,99.48,99.4,99.48,99.335,198752,19803904.0,1678982340
149,2023-03-17 00:00:00,99.416,99.47,99.47,99.416,101528,10118144.0,1678982400
150,2023-03-17 00:01:00,99.51,99.62,99.62,99.51,96408,9611520.0,1678982460
151,2023-03-17 00:02:00,99.63,99.67,99.67,99.61,83252,8308224.0,1678982520
152,2023-03-17 00:03:00,99.6,99.57,99.6,99.56,123628,12331520.0,1678982580
153,2023-03-17 00:04:00,99.59,99.52,99.6,99.52,181160,18081280.0,1678982640
154,2023-03-17 00:05:00,99.59,99.725,99.73,99.59,211998,21164032.0,1678982700
155,2023-03-17 00:06:00,99.64,99.65,99.68,99.64,89694,8955136.0,1678982760
156,2023-03-17 00:07:00,99.65,99.62,99.7,99.62,123152,12295936.0,1678982820
157,2023-03-17 00:08:00,99.545,99.42,99.545,99.37,173660,17309184.0,1678982880
158,2023-03-17 00:09:00,99.43,99.331,99.43,99.331,143394,14285312.0,1678982940
159,2023-03-17 00:10:00,99.355,99.284,99.38,99.284,106886,10643200.0,1678983000
160,2023-03-17 00:11:00,99.3,99.305,99.32,99.3,136900,13628416.0,1678983060
161,2023-03-17 00:12:00,99.28,99.175,99.28,99.074,170494,16946432.0,1678983120
162,2023-03-17 00:13:00,99.19,99.04,99.215,98.98,135782,13477376.0,1678983180
163,2023-03-17 00:14:00,99.055,99.12,99.16,99.055,83442,8285696.0,1678983240
164,2023-03-17 00:15:00,99.07,99.15,99.15,99.07,107822,10711040.0,1678983300
165,2023-03-17 00:16:00,99.155,99.165,99.165,99.11,123630,12286208.0,1678983360
166,2023-03-17 00:17:00,99.22,99.315,99.315,99.22,99730,9908992.0,1678983420
167,2023-03-17 00:18:00,99.335,99.295,99.38,99.285,77584,7705088.0,1678983480
168,2023-03-17 00:19:00,99.33,99.44,99.44,99.33,69556,6925312.0,1678983540
169,2023-03-17 00:20:00,99.46,99.495,99.545,99.46,75902,7565056.0,1678983600
170,2023-03-17 00:21:00,99.53,99.51,99.56,99.51,53452,5330176.0,1678983660
171,2023-03-17 00:22:00,99.545,99.54,99.55,99.53,48030,4787456.0,1678983720
172,2023-03-17 00:23:00,99.545,99.58,99.59,99.545,87584,8734464.0,1678983780
173,2023-03-17 00:24:00,99.525,99.66,99.66,99.525,109830,10962688.0,1678983840
174,2023-03-17 00:25:00,99.59,99.65,99.65,99.59,91018,9082368.0,1678983900
175,2023-03-17 00:26:00,99.655,99.66,99.675,99.645,87808,8762624.0,1678983960
176,2023-03-17 00:27:00,99.665,99.695,99.705,99.655,149960,14970112.0,1678984020
177,2023-03-17 00:28:00,99.683,99.69,99.7,99.68,93688,9356288.0,1678984080
178,2023-03-17 00:29:00,99.68,99.61,99.68,99.61,80532,8037632.0,1678984140
179,2023-03-17 00:30:00,99.584,99.6,99.6,99.505,63832,6368768.0,1678984200
180,2023-03-17 00:31:00,99.62,99.62,99.65,99.59,55006,5486848.0,1678984260
181,2023-03-17 00:32:00,99.66,99.703,99.703,99.64,125954,12573952.0,1678984320
182,2023-03-17 00:33:00,99.705,99.67,99.705,99.63,63972,6385920.0,1678984380
183,2023-03-17 00:34:00,99.675,99.68,99.69,99.665,65966,6586112.0,1678984440
184,2023-03-17 00:35:00,99.703,99.74,99.75,99.703,89610,8953344.0,1678984500
185,2023-03-17 00:36:00,99.705,99.58,99.705,99.58,86532,8635136.0,1678984560
186,2023-03-17 00:37:00,99.65,99.595,99.65,99.59,90450,9025280.0,1678984620
187,2023-03-17 00:38:00,99.636,99.575,99.636,99.56,215114,21466112.0,1678984680
188,2023-03-17 00:39:00,99.62,99.715,99.73,99.62,122424,12221696.0,1678984740
189,2023-03-17 00:40:00,99.77,99.745,99.79,99.745,195664,19555840.0,1678984800
190,2023-03-17 00:41:00,99.694,99.6,99.694,99.6,109980,10979840.0,1678984860
191,2023-03-17 00:42:00,99.64,99.655,99.655,99.635,51964,5186560.0,1678984920
192,2023-03-17 00:43:00,99.69,99.735,99.735,99.69,68416,6829568.0,1678984980
193,2023-03-17 00:44:00,99.73,99.77,99.77,99.725,41796,4175872.0,1678985040
194,2023-03-17 00:45:00,99.755,99.845,99.845,99.754,132400,13233408.0,1678985100
195,2023-03-17 00:46:00,99.82,99.808,99.825,99.785,56356,5631744.0,1678985160
196,2023-03-17 00:47:00,99.775,99.805,99.805,99.775,37012,3697664.0,1678985220
197,2023-03-17 00:48:00,99.88,99.78,99.88,99.78,134496,13446144.0,1678985280
198,2023-03-17 00:49:00,99.83,99.865,99.875,99.83,47918,4790016.0,1678985340
199,2023-03-17 00:50:00,99.89,99.992,100.02,99.89,228378,22859264.0,1678985400
200,2023-03-17 00:51:00,100.01,100.1,100.11,100.01,371028,37175552.0,1678985460
201,2023-03-17 00:52:00,100.06,100.05,100.08,100.0,214314,21473280.0,1678985520
202,2023-03-17 00:53:00,100.073,100.085,100.16,100.073,83872,8404480.0,1678985580
203,2023-03-17 00:54:00,100.06,100.03,100.07,100.0,171958,17227520.0,1678985640
204,2023-03-17 00:55:00,100.025,99.92,100.025,99.92,153820,15402496.0,1678985700
205,2023-03-17 00:56:00,99.975,100.085,100.085,99.975,71864,7193600.0,1678985760
206,2023-03-17 00:57:00,100.01,100.02,100.02,99.96,103608,10374912.0,1678985820
207,2023-03-17 00:58:00,100.055,100.105,100.105,100.055,84664,8483328.0,1678985880
208,2023-03-17 00:59:00,100.15,100.19,100.205,100.15,108006,10833152.0,1678985940
209,2023-03-17 01:00:00,100.195,100.14,100.195,100.13,87590,8781568.0,1678986000
210,2023-03-17 01:01:00,100.14,100.16,100.16,100.14,58280,5843712.0,1678986060
211,2023-03-17 01:02:00,100.17,100.205,100.205,100.163,196756,19728384.0,1678986120
212,2023-03-17 01:03:00,100.205,100.225,100.23,100.2,142368,14284800.0,1678986180
213,2023-03-17 01:04:00,100.265,100.205,100.265,100.18,108640,10898688.0,1678986240
214,2023-03-17 01:05:00,100.175,100.22,100.245,100.175,130048,13046784.0,1678986300
215,2023-03-17 01:06:00,100.19,100.15,100.19,100.144,75564,7570688.0,1678986360
216,2023-03-17 01:07:00,100.165,100.195,100.195,100.145,56020,5618432.0,1678986420
217,2023-03-17 01:08:00,100.15,100.195,100.22,100.15,100264,10058240.0,1678986480
218,2023-03-17 01:09:00,100.175,100.12,100.203,100.12,71784,7200768.0,1678986540
219,2023-03-17 01:10:00,100.21,100.225,100.235,100.21,139700,14020608.0,1678986600
220,2023-03-17 01:11:00,100.22,100.203,100.23,100.19,115508,11588352.0,1678986660
221,2023-03-17 01:12:00,100.2,100.235,100.24,100.185,57768,5791232.0,1678986720
222,2023-03-17 01:13:00,100.22,100.261,100.261,100.215,57560,5771520.0,1678986780
223,2023-03-17 01:14:00,100.265,100.17,100.275,100.17,76576,7682816.0,1678986840
224,2023-03-17 01:15:00,100.2,100.19,100.27,100.19,86892,8714496.0,1678986900
225,2023-03-17 01:16:00,100.2,99.99,100.2,99.96,199188,19960320.0,1678986960
226,2023-03-17 01:17:00,100.015,100.03,100.055,99.995,137828,13804288.0,1678987020
227,2023-03-17 01:18:00,99.985,100.05,100.05,99.955,111596,11175168.0,1678987080
228,2023-03-17 01:19:00,100.05,99.99,100.05,99.99,140024,14027008.0,1678987140
229,2023-03-17 01:20:00,100.03,100.13,100.13,100.025,65784,6588416.0,1678987200
230,2023-03-17 01:21:00,100.13,100.16,100.165,100.13,71296,7143168.0,1678987260
231,2023-03-17 01:22:00,100.135,100.23,100.23,100.135,83756,8398336.0,1678987320
232,2023-03-17 01:23:00,100.25,100.34,100.34,100.25,179568,18028800.0,1678987380
233,2023-03-17 01:24:00,100.34,100.375,100.4,100.34,79116,7947264.0,1678987440
234,2023-03-17 01:25:00,100.36,100.44,100.44,100.343,104556,10505728.0,1678987500
235,2023-03-17 01:26:00,100.45,100.44,100.45,100.44,110576,11117056.0,1678987560
236,2023-03-17 01:27:00,100.46,100.455,100.477,100.43,121816,12249088.0,1678987620
237,2023-03-17 01:28:00,100.4,100.45,100.46,100.4,84088,8454400.0,1678987680
238,2023-03-17 01:29:00,100.46,100.485,100.485,100.46,95252,9584896.0,1678987740
239,2023-03-17 01:30:00,100.485,100.34,100.485,100.34,129472,13012480.0,1678987800
240,2023-03-17 01:31:00,100.31,100.31,100.325,100.285,75976,7626496.0,1678987860
241,2023-03-17 01:32:00,100.29,100.4,100.4,100.29,134772,13526016.0,1678987920
242,2023-03-17 01:33:00,100.4,100.345,100.4,100.34,67576,6788608.0,1678987980
243,2023-03-17 01:34:00,100.31,100.25,100.34,100.25,88140,8852480.0,1678988040
244,2023-03-17 01:35:00,100.285,100.253,100.315,100.253,73520,7379200.0,1678988100
245,2023-03-17 01:36:00,100.27,100.24,100.27,100.24,48872,4902656.0,1678988160
246,2023-03-17 01:37:00,100.225,100.225,100.265,100.21,87624,8789504.0,1678988220
247,2023-03-17 01:38:00,100.235,100.28,100.285,100.235,78520,7876864.0,1678988280
248,2023-03-17 01:39:00,100.285,100.28,100.285,100.25,69616,6988032.0,1678988340
249,2023-03-17 01:40:00,100.268,100.367,100.367,100.268,116436,11690496.0,1678988400
250,2023-03-17 01:41:00,100.34,100.31,100.35,100.31,77456,7780608.0,1678988460
251,2023-03-17 01:42:00,100.33,100.36,100.36,100.28,49884,5009152.0,1678988520
252,2023-03-17 01:43:00,100.37,100.375,100.45,100.37,79500,7987712.0,1678988580
253,2023-03-17 01:44:00,100.33,100.255,100.33,100.255,94852,9522944.0,1678988640
254,2023-03-17 01:45:00,100.25,100.32,100.34,100.25,88900,8923392.0,1678988700
255,2023-03-17 01:46:00,100.275,100.3,100.33,100.275,42340,4248320.0,1678988760
256,2023-03-17 01:47:00,100.285,100.295,100.35,100.285,81760,8210176.0,1678988820
257,2023-03-17 01:48:00,100.25,100.225,100.265,100.21,144100,14461184.0,1678988880
258,2023-03-17 01:49:00,100.27,100.225,100.27,100.21,95900,9620736.0,1678988940
259,2023-03-17 01:50:00,100.214,100.21,100.26,100.21,54088,5422848.0,1678989000
260,2023-03-17 01:51:00,100.225,100.15,100.26,100.15,86168,8644864.0,1678989060
261,2023-03-17 01:52:00,100.15,100.21,100.24,100.15,143768,14419456.0,1678989120
262,2023-03-17 01:53:00,100.21,100.333,100.333,100.21,60608,6077696.0,1678989180
263,2023-03-17 01:54:00,100.34,100.21,100.345,100.21,47160,4729344.0,1678989240
264,2023-03-17 01:55:00,100.2,100.25,100.25,100.2,72540,7274496.0,1678989300
265,2023-03-17 01:56:00,100.21,100.225,100.255,100.21,53812,5393920.0,1678989360
266,2023-03-17 01:57:00,100.175,100.24,100.24,100.15,54312,5443840.0,1678989420
267,2023-03-17 01:58:00,100.245,100.24,100.28,100.24,64136,6433792.0,1678989480
268,2023-03-17 01:59:00,100.215,100.21,100.25,100.21,47888,4804352.0,1678989540
269,2023-03-17 02:00:00,100.21,100.15,100.21,100.142,32472,3253760.0,1678989600
270,2023-03-17 02:01:00,100.09,100.11,100.121,100.09,84456,8461568.0,1678989660
271,2023-03-17 02:02:00,100.105,100.2,100.2,100.105,70880,7100672.0,1678989720
272,2023-03-17 02:03:00,100.12,100.19,100.19,100.12,63812,6394880.0,1678989780
273,2023-03-17 02:04:00,100.19,100.2,100.204,100.17,45544,4563712.0,1678989840
274,2023-03-17 02:05:00,100.16,100.2,100.215,100.125,63008,6312704.0,1678989900
275,2023-03-17 02:06:00,100.23,100.215,100.245,100.21,45280,4539392.0,1678989960
276,2023-03-17 02:07:00,100.18,100.13,100.18,100.13,46484,4659456.0,1678990020
277,2023-03-17 02:08:00,100.12,100.26,100.27,100.12,73140,7332608.0,1678990080
278,2023-03-17 02:09:00,100.275,100.23,100.275,100.23,48612,4876544.0,1678990140
279,2023-03-17 02:10:00,100.205,100.275,100.277,100.195,94896,9520640.0,1678990200
280,2023-03-17 02:11:00,100.29,100.275,100.3,100.265,60820,6105344.0,1678990260
281,2023-03-17 02:12:00,100.305,100.29,100.305,100.279,66092,6636544.0,1678990320
282,2023-03-17 02:13:00,100.26,100.26,100.26,100.21,49100,4923904.0,1678990380
283,2023-03-17 02:14:00,100.275,100.35,100.35,100.275,92004,9237760.0,1678990440
284,2023-03-17 02:15:00,100.36,100.36,100.36,100.35,32528,3265280.0,1678990500
285,2023-03-17 02:16:00,100.35,100.406,100.406,100.35,112016,11252992.0,1678990560
286,2023-03-17 02:17:00,100.41,100.35,100.485,100.35,132952,13366784.0,1678990620
287,2023-03-17 02:18:00,100.31,100.39,100.39,100.31,88144,8852736.0,1678990680
288,2023-03-17 02:19:00,100.42,100.4,100.48,100.4,90244,9072640.0,1678990740
289,2023-03-17 02:20:00,100.41,100.45,100.45,100.395,77648,7804928.0,1678990800
290,2023-03-17 02:21:00,100.44,100.491,100.491,100.44,73488,7388928.0,1678990860
291,2023-03-17 02:22:00,100.511,100.48,100.522,100.48,111504,11219968.0,1678990920
292,2023-03-17 02:23:00,100.445,100.42,100.465,100.42,63856,6419968.0,1678990980
293,2023-03-17 02:24:00,100.445,100.435,100.445,100.409,56972,5724672.0,1678991040
294,2023-03-17 02:25:00,100.44,100.43,100.44,100.4,68000,6833152.0,1678991100
295,2023-03-17 02:26:00,100.41,100.353,100.41,100.325,50456,5066240.0,1678991160
296,2023-03-17 02:27:00,100.355,100.38,100.38,100.34,56476,5671936.0,1678991220
297,2023-03-17 02:28:00,100.366,100.31,100.385,100.31,53084,5331712.0,1678991280
298,2023-03-17 02:29:00,100.33,100.38,100.38,100.33,56384,5664512.0,1678991340
299,2023-03-17 02:30:00,100.39,100.51,100.51,100.38,70196,7058432.0,1678991400
300,2023-03-17 02:31:00,100.481,100.43,100.49,100.43,79908,8031488.0,1678991460
301,2023-03-17 02:32:00,100.46,100.44,100.475,100.43,93460,9394944.0,1678991520
302,2023-03-17 02:33:00,100.42,100.4,100.45,100.39,88372,8884224.0,1678991580
303,2023-03-17 02:34:00,100.41,100.38,100.421,100.38,55272,5554944.0,1678991640
304,2023-03-17 02:35:00,100.39,100.28,100.39,100.26,83324,8367872.0,1678991700
305,2023-03-17 02:36:00,100.3,100.305,100.305,100.27,93856,9419264.0,1678991760
306,2023-03-17 02:37:00,100.28,100.315,100.315,100.26,71788,7206400.0,1678991820
307,2023-03-17 02:38:00,100.32,100.308,100.32,100.29,55924,5617920.0,1678991880
308,2023-03-17 02:39:00,100.295,100.38,100.38,100.295,53568,5379584.0,1678991940
309,2023-03-17 02:40:00,100.37,100.365,100.37,100.35,42680,4283648.0,1678992000
310,2023-03-17 02:41:00,100.37,100.406,100.406,100.36,72080,7241472.0,1678992060
311,2023-03-17 02:42:00,100.38,100.36,100.38,100.36,64984,6525184.0,1678992120
312,2023-03-17 02:43:00,100.355,100.325,100.36,100.32,1763416,177333504.0,1678992180
313,2023-03-17 02:44:00,100.33,100.423,100.423,100.33,81484,8212480.0,1678992240
314,2023-03-17 02:45:00,100.43,100.54,100.6,100.43,171568,17318400.0,1678992300
315,2023-03-17 02:46:00,100.52,100.49,100.52,100.49,44716,4512256.0,1678992360
316,2023-03-17 02:47:00,100.49,100.437,100.49,100.437,36212,3653632.0,1678992420
317,2023-03-17 02:48:00,100.435,100.37,100.435,100.37,58800,5922304.0,1678992480
318,2023-03-17 02:49:00,100.375,100.39,100.395,100.35,90920,9155584.0,1678992540
319,2023-03-17 02:50:00,100.375,100.325,100.375,100.315,83600,8425472.0,1678992600
320,2023-03-17 02:51:00,100.31,100.31,100.35,100.305,122136,12291584.0,1678992660
321,2023-03-17 02:52:00,100.3,100.295,100.32,100.275,40872,4112384.0,1678992720
322,2023-03-17 02:53:00,100.315,100.31,100.32,100.285,53480,5383680.0,1678992780
323,2023-03-17 02:54:00,100.29,100.31,100.335,100.27,62700,6317568.0,1678992840
324,2023-03-17 02:55:00,100.29,100.29,100.295,100.265,63636,6407168.0,1678992900
325,2023-03-17 02:56:00,100.29,100.44,100.44,100.28,121440,12243968.0,1678992960
326,2023-03-17 02:57:00,100.445,100.442,100.45,100.44,108384,10941440.0,1678993020
327,2023-03-17 02:58:00,100.49,100.56,100.56,100.49,162224,16358912.0,1678993080
328,2023-03-17 02:59:00,100.58,100.625,100.635,100.56,233512,23582720.0,1678993140
329,2023-03-17 03:00:00,100.6,100.61,100.615,100.6,166304,16799744.0,1678993200
330,2023-03-17 03:01:00,100.635,100.66,100.66,100.61,182416,18412544.0,1678993260
331,2023-03-17 03:02:00,100.655,100.685,100.715,100.655,193928,19590144.0,1678993320
332,2023-03-17 03:03:00,100.69,100.67,100.69,100.67,192492,19450880.0,1678993380
333,2023-03-17 03:04:00,100.675,100.695,100.695,100.65,81124,8195584.0,1678993440
334,2023-03-17 03:05:00,100.695,100.665,100.695,100.605,123040,12420096.0,1678993500
335,2023-03-17 03:06:00,100.67,100.79,100.79,100.67,140456,14181376.0,1678993560
336,2023-03-17 03:07:00,100.789,100.86,100.86,100.789,259912,26276864.0,1678993620
337,2023-03-17 03:08:00,100.875,100.94,100.94,100.875,124480,12595200.0,1678993680
338,2023-03-17 03:09:00,100.935,100.939,100.97,100.93,138704,14050304.0,1678993740
339,2023-03-17 03:10:00,100.93,100.9,100.93,100.895,126168,12781568.0,1678993800
340,2023-03-17 03:11:00,100.895,100.91,100.93,100.895,127708,12922368.0,1678993860
341,2023-03-17 03:12:00,100.885,100.795,100.9,100.79,139576,14125568.0,1678993920
342,2023-03-17 03:13:00,100.828,100.845,100.855,100.81,153652,15532032.0,1678993980
343,2023-03-17 03:14:00,100.78,100.757,100.8,100.745,139752,14124544.0,1678994040
344,2023-03-17 03:15:00,100.76,100.69,100.76,100.665,185244,18715136.0,1678994100
345,2023-03-17 03:16:00,100.65,100.683,100.683,100.61,235384,23769600.0,1678994160
346,2023-03-17 03:17:00,100.665,100.728,100.728,100.65,129036,13032960.0,1678994220
347,2023-03-17 03:18:00,100.695,100.715,100.715,100.67,115020,11623424.0,1678994280
348,2023-03-17 03:19:00,100.725,100.7,100.725,100.69,179460,18130944.0,1678994340
349,2023-03-17 03:20:00,100.635,100.68,100.71,100.635,257952,26039296.0,1678994400
350,2023-03-17 03:21:00,100.635,100.71,100.72,100.635,193348,19534848.0,1678994460
351,2023-03-17 03:22:00,100.73,100.755,100.78,100.73,175780,17768448.0,1678994520
352,2023-03-17 03:23:00,100.77,100.85,100.87,100.76,258668,26170368.0,1678994580
353,2023-03-17 03:24:00,100.875,100.91,100.91,100.855,312724,31634432.0,1678994640
354,2023-03-17 03:25:00,100.91,100.9,100.91,100.84,263040,26612736.0,1678994700
355,2023-03-17 03:26:00,100.9,100.79,100.9,100.79,218828,22139904.0,1678994760
356,2023-03-17 03:27:00,100.77,100.645,100.77,100.64,134252,13563392.0,1678994820
357,2023-03-17 03:28:00,100.625,100.71,100.71,100.615,139604,14099968.0,1678994880
358,2023-03-17 03:29:00,100.72,100.68,100.72,100.68,112628,11386368.0,1678994940
359,2023-03-17 03:30:00,100.71,100.76,100.76,100.71,193392,19527680.0,1678995000
360,2023-03-17 03:31:00,100.76,100.68,100.76,100.68,201332,20345856.0,1678995060
361,2023-03-17 03:32:00,100.63,100.622,100.63,100.575,128148,12940800.0,1678995120
362,2023-03-17 03:33:00,100.615,100.655,100.655,100.61,67452,6816768.0,1678995180
363,2023-03-17 03:34:00,100.655,100.52,100.655,100.52,130976,13225472.0,1678995240
364,2023-03-17 03:35:00,100.53,100.61,100.61,100.53,93108,9401344.0,1678995300
365,2023-03-17 03:36:00,100.605,100.66,100.66,100.6,184052,18584576.0,1678995360
366,2023-03-17 03:37:00,100.69,100.715,100.755,100.68,102464,10357760.0,1678995420
367,2023-03-17 03:38:00,100.685,100.625,100.685,100.57,154364,15583232.0,1678995480
368,2023-03-17 03:39:00,100.625,100.56,100.625,100.525,83000,8384000.0,1678995540
369,2023-03-17 03:40:00,100.59,100.57,100.59,100.543,108756,10976256.0,1678995600
370,2023-03-17 03:41:00,100.51,100.525,100.525,100.48,137420,13864960.0,1678995660
371,2023-03-17 03:42:00,100.49,100.36,100.49,100.36,207280,20893696.0,1678995720
372,2023-03-17 03:43:00,100.33,100.335,100.335,100.29,279728,28182016.0,1678995780
373,2023-03-17 03:44:00,100.355,100.295,100.355,100.27,243264,24517632.0,1678995840
374,2023-03-17 03:45:00,100.285,100.245,100.3,100.245,188664,19030016.0,1678995900
375,2023-03-17 03:46:00,100.254,100.25,100.254,100.165,201304,20279296.0,1678995960
376,2023-03-17 03:47:00,100.27,100.22,100.3,100.22,190600,19186688.0,1678996020
377,2023-03-17 03:48:00,100.195,100.16,100.21,100.14,169908,17093120.0,1678996080
378,2023-03-17 03:49:00,100.07,100.09,100.09,100.035,271604,27311104.0,1678996140
379,2023-03-17 03:50:00,100.085,100.21,100.21,100.085,148496,14937088.0,1678996200
380,2023-03-17 03:51:00,100.12,99.985,100.165,99.985,398644,40066048.0,1678996260
381,2023-03-17 03:52:00,100.005,100.025,100.025,100.005,265440,26671616.0,1678996320
382,2023-03-17 03:53:00,99.98,99.82,99.98,99.82,240592,24163840.0,1678996380
383,2023-03-17 03:54:00,99.805,99.97,99.97,99.805,356316,35753472.0,1678996440
384,2023-03-17 03:55:00,99.955,99.91,99.99,99.91,284268,28557312.0,1678996500
385,2023-03-17 03:56:00,99.95,99.975,100.02,99.95,369120,37085696.0,1678996560
386,2023-03-17 03:57:00,100.015,100.075,100.075,100.015,310548,31234560.0,1678996620
387,2023-03-17 03:58:00,100.07,100.165,100.19,100.07,234928,23629824.0,1678996680
388,2023-03-17 03:59:00,100.145,100.185,100.185,100.135,486440,48930816.0,1678996740
389,2023-03-17 04:00:00,100.21,100.12,100.35,99.34,8628360,847616000.0,1678996800
