,dt,open,close,high,low,vol,ts,icon_1,icon_2,icon_11,icon_12,icon_13,icon_41,icon_34,icon_35,icon_38,icon_39,jw1,jw5,jw30,baijiao
0,2023-11-02 21:31:00,433.2,432.4,434.64,429.07,1999362,1698931860,,,,,,,,,,,89.78459642401549,84.89562828954212,110.05676900838364,-26.448509573647264
1,2023-11-02 21:32:00,432.44,431.79,432.96,431.79,317118,1698931920,,,,,,,,,,,88.09541897610103,84.89562828954212,110.05676900838364,-21.643030010428934
2,2023-11-02 21:33:00,431.54,431.97,432.02,431.23,287023,1698931980,,,,,,,,,,,86.82108286302162,84.89562828954212,110.05676900838364,-20.899846111467923
3,2023-11-02 21:34:00,432.14,431.63,432.21,431.26,261003,1698932040,,,,,,,,,,,85.22385702841908,84.89562828954212,110.05676900838364,-19.26831780990585
4,2023-11-02 21:35:00,431.57,430.07,431.57,430.07,274350,1698932100,,,,,,,,,,,81.71206773162203,84.95339917109789,110.05676900838364,-19.526056375138992
5,2023-11-02 21:36:00,430.38,431.42,431.69,430.38,274737,1698932160,,,,,,,,,,,80.20551093135813,84.95339917109789,110.05676900838364,-26.40627454234816
6,2023-11-02 21:37:00,431.48,432.71,432.71,431.48,349260,1698932220,,,,,,,,,,,80.54133321653538,84.95339917109789,110.05676900838364,-24.413128480903612
7,2023-11-02 21:38:00,432.5,432.98,432.98,432.5,233681,1698932280,,,,,,,,,,,81.19710956632369,84.95339917109789,110.05676900838364,-16.63266268713957
8,2023-11-02 21:39:00,433.06,434.26,434.26,432.86,272874,1698932340,,,,,,,,,,,83.6015223312184,84.95339917109789,110.05676900838364,-9.617503205641418
9,2023-11-02 21:40:00,434.34,435.05,435.05,433.83,322826,1698932400,,,,,,,,,,,86.29202230736237,89.2157225259349,110.05676900838364,2.05189280614709
10,2023-11-02 21:41:00,435.44,434.78,435.44,434.42,288637,1698932460,,,,,,,,,,,87.8183052453141,89.2157225259349,110.05676900838364,11.345888492207196
11,2023-11-02 21:42:00,434.24,434.93,435.29,434.24,233904,1698932520,,1.0,,,,,,,,,89.38120962244773,89.2157225259349,110.05676900838364,13.229694874085668
12,2023-11-02 21:43:00,435.03,434.92,435.79,434.92,259130,1698932580,,,,,,,,,,,90.3225234108975,89.2157225259349,110.05676900838364,14.962331263658083
13,2023-11-02 21:44:00,434.51,435.04,435.04,434.48,274619,1698932640,,,,,,,,,,,91.31514035868287,89.2157225259349,110.05676900838364,13.950201814472075
14,2023-11-02 21:45:00,434.92,435.11,435.37,434.71,192547,1698932700,,,,,,,,,,,92.28670249011296,92.37856314640445,110.05676900838364,13.692783200029673
15,2023-11-02 21:46:00,434.55,432.8,434.55,432.8,338519,1698932760,,,,,,,,,,,90.12973444900234,92.37856314640445,110.05676900838364,13.625412752194121
16,2023-11-02 21:47:00,432.65,431.99,432.65,431.8,352540,1698932820,,,,,,,,,,,87.1063390677117,92.37856314640445,110.05676900838364,0.25130506198131797
17,2023-11-02 21:48:00,431.72,431.77,431.77,431.43,244190,1698932880,,,,,,,,,,,84.08030178704416,92.37856314640445,110.05676900838364,-13.871487945735216
18,2023-11-02 21:49:00,431.85,431.61,431.85,431.25,237735,1698932940,,,,,,,,,,,80.96302316118405,92.37856314640445,110.05676900838364,-23.446131744374554
19,2023-11-02 21:50:00,431.28,432.35,432.35,431.28,201081,1698933000,,,,,,,,,,,79.17645415072161,92.7263475821886,110.05676900838364,-29.481485213250643
20,2023-11-02 21:51:00,431.94,432.2,432.73,431.94,145423,1698933060,,,,,,,,,,,77.38939481889867,92.7263475821886,110.05676900838364,-29.342803026951835
21,2023-11-02 21:52:00,432.1,431.28,432.1,431.28,266171,1698933120,,,,,,,,,,,74.44943560392281,92.7263475821886,110.05676900838364,-29.829133129646657
22,2023-11-02 21:53:00,431.8,432.4,432.4,431.76,152174,1698933180,,,,,,,,,,,73.43369684686957,92.7263475821886,110.05676900838364,-34.02660735909839
23,2023-11-02 21:54:00,432.1,431.69,432.1,431.69,101446,1698933240,,,,,,,,,,,71.55436086220152,92.7263475821886,110.05676900838364,-31.11599616043177
24,2023-11-02 21:55:00,431.61,430.89,432.05,430.89,179702,1698933300,,,,,,,,,,,68.78086283915457,91.7072338534569,110.05676900838364,-32.17604890165458
25,2023-11-02 21:56:00,430.75,431.15,431.65,430.69,198011,1698933360,,,,,,,,,,,66.7095756752091,91.7072338534569,110.05676900838364,-36.04205369868817
26,2023-11-02 21:57:00,431.42,431.6,431.8,431.42,124342,1698933420,,,,,,,,,,,65.5357046787662,91.7072338534569,110.05676900838364,-37.50531034705603
27,2023-11-02 21:58:00,431.88,431.81,432.29,431.71,127835,1698933480,,,,,,,,,,,64.82506084416173,91.7072338534569,110.05676900838364,-36.04394827680758
28,2023-11-02 21:59:00,431.84,431.93,431.93,431.61,209517,1698933540,,,,,,,,,,,64.4010485537539,91.7072338534569,110.05676900838364,-33.65172605334983
29,2023-11-02 22:00:00,431.93,432.1,432.24,431.84,100176,1698933600,,,,,,,,,,,64.26437079762712,91.8202808256097,111.56881573029999,-31.31444850686242
30,2023-11-02 22:01:00,432.47,432.37,432.74,432.33,188612,1698933660,,,,,,,,,,,64.52577367049105,91.8202808256097,111.56881573029999,-28.80913480079563
31,2023-11-02 22:02:00,432.06,431.92,432.34,431.79,138005,1698933720,,,,,,,,,,,64.15252715599522,91.8202808256097,111.56881573029999,-25.144454652045773
32,2023-11-02 22:03:00,431.82,432.19,432.19,431.7,121239,1698933780,,,,,,,,,,,64.24458113603103,91.8202808256097,111.56881573029999,-25.07878299759767
33,2023-11-02 22:04:00,432.22,431.95,432.22,431.78,79089,1698933840,,,,,,,,,,,64.01991523764892,91.8202808256097,111.56881573029999,-23.01794050030723
34,2023-11-02 22:05:00,432.26,431.73,432.34,431.73,108334,1698933900,,,,,,,,,,,63.5410059876686,91.55423212607832,111.56881573029999,-22.85437133641076
35,2023-11-02 22:06:00,431.62,431.66,431.9,431.37,145025,1698933960,,,,,,,,,,,63.050313899964436,91.55423212607832,111.56881573029999,-23.804564319090723
36,2023-11-02 22:07:00,431.67,431.3,431.67,431.3,121876,1698934020,,,,,,,,,,,62.07535904568351,91.55423212607832,111.56881573029999,-24.50414939366296
37,2023-11-02 22:08:00,431.61,430.23,431.61,430.23,175150,1698934080,,,,,,,,,,,59.69685466894515,91.55423212607832,111.56881573029999,-26.800523534510113
38,2023-11-02 22:09:00,430.32,430.73,431.02,430.2,225624,1698934140,,,,,,,,,,,58.33992655350468,91.55423212607832,111.56881573029999,-33.81590943866205
39,2023-11-02 22:10:00,430.44,430.45,430.45,430.22,147473,1698934200,1.0,,,,,,,,,,56.768160741597626,90.15123654203165,111.56881573029999,-35.18810677531238
40,2023-11-02 22:11:00,429.68,429.37,430.13,428.97,325938,1698934260,,,,,,,,,,,53.85032281402917,90.15123654203165,111.56881573029999,-37.46428995898898
41,2023-11-02 22:12:00,429.47,429.07,429.47,429.05,140332,1698934320,,,,,,,,,,,50.86415052339788,90.15123654203165,111.56881573029999,-44.19904627318021
42,2023-11-02 22:13:00,429.17,429.71,429.71,429.07,199302,1698934380,,,,,,,,,,,49.18052140400977,90.15123654203165,111.56881573029999,-49.28897078230267
43,2023-11-02 22:14:00,429.75,429.36,429.76,429.36,122360,1698934440,,,,,,,,,,,47.229386229429224,90.15123654203165,111.56881573029999,-49.900798852495825
44,2023-11-02 22:15:00,429.36,429.82,429.82,429.18,160636,1698934500,,,,,,,,,,,38.114211969536115,88.3095518660262,111.56881573029999,-51.16095242573802
45,2023-11-02 22:16:00,429.77,430.2,430.5,429.77,158190,1698934560,,,,,,,,,,,31.124720498492366,88.3095518660262,111.56881573029999,-49.95224385981045
46,2023-11-02 22:17:00,430.09,430.48,430.61,430.09,120780,1698934620,,,,,,,,,,,25.762541526206178,88.3095518660262,111.56881573029999,-47.19587371329867
47,2023-11-02 22:18:00,430.4,431.52,431.52,430.4,149584,1698934680,,,,,,,,,,,23.98969538150544,88.3095518660262,111.56881573029999,-43.485014321996054
48,2023-11-02 22:19:00,431.35,431.32,431.43,431.11,131656,1698934740,,,,,,,,,,,21.94446330522902,88.3095518660262,111.56881573029999,-34.31383530149575
49,2023-11-02 22:20:00,431.42,431.94,431.94,431.42,153495,1698934800,,,,,,,,,,,21.955826054826986,88.49959145657076,111.56881573029999,-28.03875278348017
50,2023-11-02 22:21:00,432.11,432.21,432.21,431.9,143255,1698934860,,,,,,,,,,,22.818289450687956,88.49959145657076,111.56881573029999,-18.11114631943414
51,2023-11-02 22:22:00,431.88,432.33,432.42,431.88,128823,1698934920,,,,,,,,,,,24.01558585763587,88.49959145657076,111.56881573029999,-8.458277100268395
52,2023-11-02 22:23:00,432.42,432.66,432.66,432.12,150100,1698934980,,,,,,,,,,,26.09552313853942,88.49959145657076,111.56881573029999,-1.0212474794352433
53,2023-11-02 22:24:00,432.25,432.31,432.31,432.03,96673,1698935040,,,,,,,,,,,27.05109322281737,88.49959145657076,111.56881573029999,6.592397609427435
54,2023-11-02 22:25:00,432.44,432.26,432.44,432.26,63084,1698935100,,,,,,,,,,,27.840823550139845,88.91893955637033,111.56881573029999,6.655873394086698
55,2023-11-02 22:26:00,432.5,432.51,432.51,432.15,72574,1698935160,,,,,,,,,,,29.31998543122586,88.91893955637033,111.56881573029999,5.786322604757936
56,2023-11-02 22:27:00,432.49,432.28,432.52,432.28,66321,1698935220,,,,,,,,,,,30.064373159504953,88.91893955637033,111.56881573029999,7.575113566888477
57,2023-11-02 22:28:00,432.73,432.94,432.94,432.51,144011,1698935280,,,,,,,,,,,33.374430711930884,88.91893955637033,111.56881573029999,5.818271220892691
58,2023-11-02 22:29:00,433.03,433.59,433.59,433.03,142165,1698935340,,,,,,,,,,,38.32619448776882,88.91893955637033,111.56881573029999,11.13902293642744
59,2023-11-02 22:30:00,433.91,434.22,434.34,433.91,177265,1698935400,,,,,,,,,,,46.97527640024741,90.98507005661776,113.73362412355021,20.174248229965652
60,2023-11-02 22:31:00,434.29,433.68,434.29,433.68,162937,1698935460,,,,,,,,,,,53.50034420072751,90.98507005661776,113.73362412355021,30.01393898777214
61,2023-11-02 22:32:00,433.18,433.07,433.2,433.07,122692,1698935520,,,,,,,,,,,57.16553560399947,90.98507005661776,113.73362412355021,31.09012904757181
62,2023-11-02 22:33:00,433.28,432.58,433.28,432.58,120403,1698935580,,,,,,,,,,,58.69974485670238,90.98507005661776,113.73362412355021,26.617207075553655
63,2023-11-02 22:34:00,432.34,432.95,432.95,432.34,142812,1698935640,,,,,,,,,,,61.3908835223547,90.98507005661776,113.73362412355021,18.965219981280406
64,2023-11-02 22:35:00,432.7,432.09,432.79,431.88,184957,1698935700,,,,,,,,,,,60.73109310137991,90.9195609332682,113.73362412355021,16.83039201028502
65,2023-11-02 22:36:00,432.2,431.57,432.2,431.37,174964,1698935760,,,,,,,,,,,58.294040683553504,90.9195609332682,113.73362412355021,6.789566819421595
66,2023-11-02 22:37:00,431.49,431.9,432.2,431.49,130874,1698935820,,,,,,,,,,,57.30162569552836,90.9195609332682,113.73362412355021,-5.367933659295776
67,2023-11-02 22:38:00,432.17,432.23,432.32,432.17,130803,1698935880,,,,,,,,,,,57.59937338583997,90.9195609332682,113.73362412355021,-9.623601265143932
68,2023-11-02 22:39:00,432.36,432.47,432.47,432.04,110198,1698935940,,,,,,,,,,,58.72668707417006,90.9195609332682,113.73362412355021,-8.929630248275547
69,2023-11-02 22:40:00,432.36,433.12,433.12,432.36,161819,1698936000,,,,,,,,,,,62.05063318933898,91.73304139424783,113.73362412355021,-5.975323242160497
70,2023-11-02 22:41:00,432.99,433.41,433.41,432.78,128127,1698936060,,,,,,,,,,,66.04592213195099,91.73304139424783,113.73362412355021,2.517407097739518
71,2023-11-02 22:42:00,433.57,433.75,433.92,433.46,145917,1698936120,,,,,,,,,,,70.81021339288979,91.73304139424783,113.73362412355021,10.632430422911968
72,2023-11-02 22:43:00,433.88,433.58,433.94,433.58,106224,1698936180,,,,,,,,,,,74.43633463604594,91.73304139424783,113.73362412355021,18.303199790913517
73,2023-11-02 22:44:00,433.56,433.74,433.74,433.54,57562,1698936240,,,,,,,,,,,78.21522312257709,91.73304139424783,113.73362412355021,21.025167467483207
74,2023-11-02 22:45:00,433.6,433.61,433.66,433.56,51732,1698936300,,,,,,,,,,,81.09156490753512,92.8547511395569,113.73362412355021,23.67878411862016
75,2023-11-02 22:46:00,433.41,433.12,433.41,433.1,106319,1698936360,,,,,,,,,,,81.87695332214341,92.8547511395569,113.73362412355021,23.813175173576933
76,2023-11-02 22:47:00,433.16,433.09,433.25,432.94,66641,1698936420,,,,,,,,,,,82.43392230604869,92.8547511395569,113.73362412355021,19.2799909811605
77,2023-11-02 22:48:00,433.03,433.51,433.51,433.03,77083,1698936480,,,,,,,,,,,84.38844399622582,92.8547511395569,113.73362412355021,15.690534602018507
78,2023-11-02 22:49:00,433.52,433.41,433.52,433.14,49191,1698936540,,,,,,,,,,,85.73585324521048,92.8547511395569,113.73362412355021,16.95383759978268
79,2023-11-02 22:50:00,433.18,433.03,433.2,432.88,57729,1698936600,,,,,,,,,,,85.54365266653411,93.30895532215914,113.73362412355021,16.541838725020938
80,2023-11-02 22:51:00,432.94,433.05,433.18,432.94,75630,1698936660,,,,,,,,,,,85.40323109162199,93.30895532215914,113.73362412355021,-12.482620126115577
81,2023-11-02 22:52:00,433.16,433.51,433.52,433.15,72344,1698936720,,,,,,,,,,,86.87609526129827,93.30895532215914,113.73362412355021,-28.320237301962955
82,2023-11-02 22:53:00,433.36,433.45,433.45,433.12,83638,1698936780,,,,,,,,,,,87.93522570972749,93.30895532215914,113.73362412355021,-30.112201656774108
83,2023-11-02 22:54:00,433.37,434.15,434.15,433.34,153877,1698936840,,,,,,,,,,,91.32901326819587,93.30895532215914,113.73362412355021,-31.695548080889274
84,2023-11-02 22:55:00,434.12,433.59,434.12,433.54,95582,1698936900,,,,,,,,,,,92.31522678343595,94.1704143088927,113.73362412355021,-21.5779762727885
85,2023-11-02 22:56:00,433.87,434.03,434.26,433.87,99852,1698936960,,,,,,,,,,,94.69562644498228,94.1704143088927,113.73362412355021,-23.60330317010045
86,2023-11-02 22:57:00,434.14,433.82,434.17,433.82,81302,1698937020,,,,,,,,,,,96.00095553776353,94.1704143088927,113.73362412355021,-17.03936273650163
87,2023-11-02 22:58:00,433.58,433.32,433.58,433.32,78281,1698937080,,,,,,,,,,,95.21991020007147,94.1704143088927,113.73362412355021,-16.170641258403567
88,2023-11-02 22:59:00,433.06,433.4,433.4,432.97,110812,1698937140,,,,,,,,,,,94.76921877082023,94.1704143088927,113.73362412355021,-24.04364045751664
89,2023-11-02 23:00:00,433.36,433.11,433.36,433.11,73077,1698937200,,,,,,,,,,,92.65669043486832,94.47960276075852,115.05164198952093,-27.078815941583485
90,2023-11-02 23:01:00,433.03,433.01,433.03,432.76,95985,1698937260,,,,,,,,,,,89.89249688739466,94.47960276075852,115.05164198952093,-32.83658233862661
91,2023-11-02 23:02:00,432.98,432.69,433.2,432.68,101481,1698937320,,,,,,,,,,,85.3676839436811,94.47960276075852,115.05164198952093,-37.110563668472125
92,2023-11-02 23:03:00,433.01,433.01,433.12,432.98,87230,1698937380,,,,,,,,,,,81.43907946601564,94.47960276075852,115.05164198952093,-42.906522909205066
93,2023-11-02 23:04:00,432.88,433.42,433.57,432.88,99874,1698937440,,,,,,,,,,,79.86565580215321,94.47960276075852,115.05164198952093,-39.381065549869845
94,2023-11-02 23:05:00,433.64,433.62,433.92,433.61,93527,1698937500,,,,,,,,,,,79.7337854228939,95.16719627378839,115.05164198952093,-30.21036496744248
95,2023-11-02 23:06:00,433.64,433.58,433.69,433.41,63388,1698937560,,,,,,,,,,,79.34385092550446,95.16719627378839,115.05164198952093,-4.636337174178964
96,2023-11-02 23:07:00,433.71,433.5,433.71,433.42,49928,1698937620,,,,,,,,,,,78.46747246404689,95.16719627378839,115.05164198952093,16.7456968303269
97,2023-11-02 23:08:00,433.3,433.4,433.49,433.3,35360,1698937680,,,,,,,,,,,77.03057635749693,95.16719627378839,115.05164198952093,26.511891481235498
98,2023-11-02 23:09:00,433.19,433.01,433.19,432.84,71470,1698937740,,,,,,,,,,,73.23076075955217,95.16719627378839,115.05164198952093,29.566114814705383
99,2023-11-02 23:10:00,432.66,432.92,432.92,432.66,97440,1698937800,,,,,,,,,,,69.26152167937053,95.1276263202057,115.05164198952093,22.92602023961405
100,2023-11-02 23:11:00,432.92,432.71,432.92,432.71,55654,1698937860,,,,,,,,,,,64.37670286493997,95.1276263202057,115.05164198952093,15.887163630509537
101,2023-11-02 23:12:00,432.62,432.68,433.0,432.57,78338,1698937920,,,,,,,,,,,59.8428464702298,95.1276263202057,115.05164198952093,5.644489876919084
102,2023-11-02 23:13:00,432.85,433.41,433.45,432.85,87886,1698937980,,,,,,,,,,,60.52076380879299,95.1276263202057,115.05164198952093,-1.896871536675567
103,2023-11-02 23:14:00,433.47,433.44,433.47,433.14,75744,1698938040,,,,,,,,,,,61.340640460663025,95.1276263202057,115.05164198952093,11.89650523534441
104,2023-11-02 23:15:00,433.37,432.93,433.37,432.93,73710,1698938100,,,,,,,,,,,58.982163705132876,95.06490608339169,115.05164198952093,20.484854985885907
105,2023-11-02 23:16:00,432.74,432.91,432.91,432.55,156906,1698938160,,,,,,,,,,,56.876698179539574,95.06490608339169,115.05164198952093,13.585642770895412
106,2023-11-02 23:17:00,433.06,432.96,433.06,432.82,42502,1698938220,,,,,,,,,,,55.3572924893341,95.06490608339169,115.05164198952093,8.291507150471425
107,2023-11-02 23:18:00,433.07,433.26,433.26,432.99,57314,1698938280,,,,,,,,,,,56.01606260166915,95.06490608339169,115.05164198952093,5.993314066233279
108,2023-11-02 23:19:00,433.24,433.12,433.26,433.1,34172,1698938340,,,,,,,,,,,55.70582395732052,95.06490608339169,115.05164198952093,11.871559492440083
109,2023-11-02 23:20:00,432.94,433.14,433.14,432.94,25876,1698938400,,,,,,,,,,,55.58937427036696,95.15839876316838,115.05164198952093,11.896121750260344
110,2023-11-02 23:21:00,432.99,433.46,433.46,432.99,64652,1698938460,,,,,,,,,,,57.40000045556113,95.15839876316838,115.05164198952093,12.183407675050049
111,2023-11-02 23:22:00,433.3,433.06,433.3,433.06,51736,1698938520,,,,,,,,,,,54.22735511071619,95.15839876316838,115.05164198952093,19.593043124651413
112,2023-11-02 23:23:00,433.08,432.88,433.32,432.88,28154,1698938580,,,,,,,,,,,49.87727268670261,95.15839876316838,115.05164198952093,14.661779261966576
113,2023-11-02 23:24:00,432.94,432.82,432.94,432.63,55806,1698938640,,,,,,,,,,,43.43002830713101,95.15839876316838,115.05164198952093,6.79165001435683
114,2023-11-02 23:25:00,432.78,433.15,433.4,432.78,90302,1698938700,,,,,,,,,,,39.80709451983412,95.21595376597239,115.05164198952093,0.06828982022083997
115,2023-11-02 23:26:00,433.07,432.8,433.27,432.8,35122,1698938760,,,,,,,,,,,32.71851071274065,95.21595376597239,115.05164198952093,4.05164548441044
116,2023-11-02 23:27:00,432.85,432.89,433.05,432.85,62134,1698938820,,,,,,,,,,,27.468976204347314,95.21595376597239,115.05164198952093,-2.2428174194330195
117,2023-11-02 23:28:00,432.6,432.0,432.6,432.0,131710,1698938880,,,,,,,,,,,19.062463052580057,95.21595376597239,115.05164198952093,-3.929460681641709
118,2023-11-02 23:29:00,432.09,431.89,432.09,431.89,86894,1698938940,,,,,,,,,,,11.654733982362444,95.21595376597239,115.05164198952093,-25.397784647839817
119,2023-11-02 23:30:00,431.94,431.99,432.06,431.87,50358,1698939000,,,,,,,,,,,6.109533759451097,94.21315961267857,115.6103243962626,-37.76201749233731
120,2023-11-02 23:31:00,432.13,432.12,432.18,432.03,46150,1698939060,,,,,,,,,,,2.3137264547450513,94.21315961267857,115.6103243962626,-42.3697741435196
121,2023-11-02 23:32:00,432.21,431.68,432.21,431.68,94320,1698939120,,,,,,,,,,,-2.9557068879668975,94.21315961267857,115.6103243962626,-43.3860260672833
122,2023-11-02 23:33:00,431.92,432.01,432.1,431.81,60938,1698939180,,,,,,,,,,,-5.088387902560683,94.21315961267857,115.6103243962626,-49.2119084215131
123,2023-11-02 23:34:00,431.8,431.77,431.99,431.77,48240,1698939240,,,,,,,,,,,-8.644505206042524,94.21315961267857,115.6103243962626,-49.0571351682488
124,2023-11-02 23:35:00,431.78,432.46,432.46,431.6,71536,1698939300,,,,,,,,,,,-6.176240985036387,93.70096807393651,115.6103243962626,-51.2980178859635
125,2023-11-02 23:36:00,432.2,432.25,432.68,432.2,75650,1698939360,,,,,,,,,,,-5.363738002105677,93.70096807393651,115.6103243962626,-47.11828973167273
126,2023-11-02 23:37:00,432.14,432.04,432.14,431.92,49102,1698939420,,,,,,,,,,,-6.03228587467639,93.70096807393651,115.6103243962626,-49.08310594023559
127,2023-11-02 23:38:00,431.9,432.26,432.26,431.87,42556,1698939480,,,,,,,,,,,-4.933719856993761,93.70096807393651,115.6103243962626,-54.926793655035766
128,2023-11-02 23:39:00,432.3,432.14,432.33,432.14,75338,1698939540,,,,,,,,,,,-4.706698848140633,93.70096807393651,115.6103243962626,-60.124947238684655
129,2023-11-02 23:40:00,432.28,432.1,432.28,431.98,62262,1698939600,,,,,,,,,,,-4.68517922890608,92.89806644790556,115.6103243962626,-65.42777064904041
130,2023-11-02 23:41:00,432.14,432.33,432.37,432.11,49832,1698939660,,,,,,,,,,,-2.7259342573576646,92.89806644790556,115.6103243962626,-68.2088397518494
131,2023-11-02 23:42:00,432.18,432.4,432.54,432.18,50994,1698939720,,,,,,,,,,,0.28073445562486654,92.89806644790556,115.6103243962626,-68.01877708803421
132,2023-11-02 23:43:00,431.98,432.01,432.05,431.98,46928,1698939780,,,,,,,,,,,-0.1607577029375591,92.89806644790556,115.6103243962626,-67.13773382291055
133,2023-11-02 23:44:00,432.06,432.02,432.28,432.02,35710,1698939840,,,,,,,,,,,-0.3837124088201733,92.89806644790556,115.6103243962626,-69.39965683593013
134,2023-11-02 23:45:00,432.06,432.11,432.2,431.96,41576,1698939900,,,,,,,,,,,0.24561373855463842,92.1635371762772,115.6103243962626,-70.50717527431604
135,2023-11-02 23:46:00,432.11,432.14,432.33,432.11,54248,1698939960,,,,,,,,,,,1.1375627076364339,92.1635371762772,115.6103243962626,-70.490990053297
136,2023-11-02 23:47:00,432.4,432.25,432.4,432.2,26454,1698940020,,,,,,,,,,,2.9190720749529504,92.1635371762772,115.6103243962626,-70.12647691885347
137,2023-11-02 23:48:00,431.99,432.13,432.29,431.99,28822,1698940080,,,,,,,,,,,3.5940063513748868,92.1635371762772,115.6103243962626,-68.84964270731817
138,2023-11-02 23:49:00,431.86,432.22,432.22,431.86,74992,1698940140,,,,,,,,,,,5.008887614669007,92.1635371762772,115.6103243962626,-68.76364782266543
139,2023-11-02 23:50:00,432.19,432.09,432.23,431.93,46224,1698940200,,,,,,,,,,,5.668764263289319,91.46565251236194,115.6103243962626,-67.70520822600005
140,2023-11-02 23:51:00,432.04,432.35,432.35,432.04,61320,1698940260,,,,,,,,,,,8.676531497008341,91.46565251236194,115.6103243962626,-67.91496639523596
141,2023-11-02 23:52:00,432.29,431.97,432.29,431.84,85108,1698940320,,,,,,,,,,,8.36432613189804,91.46565251236194,115.6103243962626,-64.80342997312842
142,2023-11-02 23:53:00,431.85,431.13,431.85,431.13,168896,1698940380,,,,,,,,,,,4.400864798939125,91.46565251236194,115.6103243962626,-67.03384532251296
143,2023-11-02 23:54:00,431.18,430.92,431.32,430.92,91012,1698940440,,,,,,,,,,,0.928690194232999,91.46565251236194,115.6103243962626,-73.0482670739395
144,2023-11-02 23:55:00,430.67,431.04,431.12,430.67,130886,1698940500,,,,,,,,,,,0.4253096297780985,89.8965171146053,115.6103243962626,-75.606885438696
145,2023-11-02 23:56:00,430.84,430.73,430.84,430.72,84326,1698940560,,,,,,,,,,,-2.0722238952000254,89.8965171146053,115.6103243962626,-75.60492893011974
146,2023-11-02 23:57:00,430.74,431.1,431.18,430.66,94444,1698940620,,,,,,,,,,,-1.646156066131553,89.8965171146053,115.6103243962626,-76.74178592826235
147,2023-11-02 23:58:00,430.95,431.16,431.32,430.89,45650,1698940680,,,,,,,,,,,-0.7900282431444623,89.8965171146053,115.6103243962626,-76.00949528858644
148,2023-11-02 23:59:00,431.28,431.19,431.28,431.01,47448,1698940740,,,,,,,,,,,0.2552548329580375,89.8965171146053,115.6103243962626,-75.09105600196257
149,2023-11-03 00:00:00,431.24,431.3,431.3,431.24,45910,1698940800,,,,,,,,,,,1.9995987038038123,88.7060432164046,115.68359660486959,-74.11890074997865
150,2023-11-03 00:01:00,431.34,431.17,431.34,431.0,61292,1698940860,,,,,,,,,,,2.724514640231625,88.7060432164046,115.68359660486959,-72.51192580324579
151,2023-11-03 00:02:00,431.34,431.11,431.49,431.11,50980,1698940920,,,,,,,,,,,3.015316584547371,88.7060432164046,115.68359660486959,-72.11772995372525
152,2023-11-03 00:03:00,431.09,431.4,431.52,431.09,51694,1698940980,,,,,,,,,,,5.306029633124538,88.7060432164046,115.68359660486959,-72.19664420463977
153,2023-11-03 00:04:00,431.43,431.48,431.55,431.35,40358,1698941040,,,,,,,,,,,7.941404931674654,88.7060432164046,115.68359660486959,-69.42052479214574
154,2023-11-03 00:05:00,431.81,431.76,431.81,431.67,46030,1698941100,,,,,,,,,,,12.243084344429448,87.8537729421297,115.68359660486959,-65.61836388213558
155,2023-11-03 00:06:00,431.62,431.74,431.79,431.56,44670,1698941160,,,,,,,,,,,16.13542475111587,87.8537729421297,115.68359660486959,-55.01180122890595
156,2023-11-03 00:07:00,431.92,431.24,431.92,431.24,75324,1698941220,,,,,,,,,,,16.142126175590782,87.8537729421297,115.68359660486959,-42.806368947569936
157,2023-11-03 00:08:00,431.27,431.46,431.46,431.1,67694,1698941280,,,,,,,,,,,17.70476933419382,87.8537729421297,115.68359660486959,-54.456106770782405
158,2023-11-03 00:09:00,431.32,431.43,431.43,431.16,27422,1698941340,,,,,,,,,,,18.907836347852516,87.8537729421297,115.68359660486959,-53.03596177753641
159,2023-11-03 00:10:00,431.59,431.55,431.66,431.41,37056,1698941400,,,,,,,,,,,21.142880136432787,86.66909689308156,115.68359660486959,-52.75272209386871
160,2023-11-03 00:11:00,431.62,431.71,431.89,431.54,135248,1698941460,,,,,,,,,,,25.02671628439449,86.66909689308156,115.68359660486959,-47.34833957012075
161,2023-11-03 00:12:00,431.77,431.96,431.96,431.75,51924,1698941520,,,,,,,,,,,32.39713235937465,86.66909689308156,115.68359660486959,-32.85447600839113
162,2023-11-03 00:13:00,431.67,431.79,431.8,431.63,50960,1698941580,,,,,,,,,,,37.35126420764829,86.66909689308156,115.68359660486959,4.589073200525613
163,2023-11-03 00:14:00,431.69,431.59,431.82,431.59,36932,1698941640,,,,,,,,,,,39.85729353145215,86.66909689308156,115.68359660486959,13.835553754934878
164,2023-11-03 00:15:00,431.54,431.54,431.75,431.54,44676,1698941700,,,,,,,,,,,41.594753150697656,85.11224775857926,115.68359660486959,0.0982493667625398
165,2023-11-03 00:16:00,431.54,431.52,431.61,431.39,44738,1698941760,,,,,,,,,,,42.92780840061427,85.11224775857926,115.68359660486959,-13.412490101155566
166,2023-11-03 00:17:00,431.56,431.63,432.04,431.56,84530,1698941820,,,,,,,,,,,45.12818037328269,85.11224775857926,115.68359660486959,-20.974588931980563
167,2023-11-03 00:18:00,430.97,430.86,430.97,430.73,106884,1698941880,,,,,,,,,,,39.772872005988745,85.11224775857926,115.68359660486959,-8.08220822149523
168,2023-11-03 00:19:00,430.86,431.22,431.22,430.63,73682,1698941940,,,,,,,,,,,38.583121248014606,85.11224775857926,115.68359660486959,-55.61138736272606
169,2023-11-03 00:20:00,431.11,431.52,431.52,430.98,41922,1698942000,,,,,,,,,,,40.29989685102246,83.62879213242397,115.68359660486959,-57.24523479279287
170,2023-11-03 00:21:00,431.04,431.45,431.45,431.04,41900,1698942060,,,,,,,,,,,41.71699367600684,83.62879213242397,115.68359660486959,-45.29097942635405
171,2023-11-03 00:22:00,431.6,431.39,431.6,431.39,36082,1698942120,,,,,,,,,,,42.35649317450592,83.62879213242397,115.68359660486959,-37.887024102319494
172,2023-11-03 00:23:00,431.37,431.27,431.48,431.27,35236,1698942180,,,,,,,,,,,41.701466136215736,83.62879213242397,115.68359660486959,-36.34142454944726
173,2023-11-03 00:24:00,431.3,431.28,431.3,431.13,28264,1698942240,,,,,,,,,,,41.19450692184801,83.62879213242397,115.68359660486959,-43.170099308859214
174,2023-11-03 00:25:00,431.59,431.41,431.62,431.41,30760,1698942300,,,,,,,,,,,42.02180940070499,81.8452850107312,115.68359660486959,-46.00342852113937
175,2023-11-03 00:26:00,431.48,431.08,431.48,430.9,67174,1698942360,,,,,,,,,,,39.43529933678271,81.8452850107312,115.68359660486959,-35.365251840130824
176,2023-11-03 00:27:00,431.07,431.22,431.5,431.07,35480,1698942420,,,,,,,,,,,38.97935829525556,81.8452850107312,115.68359660486959,-50.54011345045585
177,2023-11-03 00:28:00,431.06,431.3,431.3,431.01,38840,1698942480,,,,,,,,,,,39.42086857696491,81.8452850107312,115.68359660486959,-48.101695376248514
178,2023-11-03 00:29:00,431.28,431.52,431.52,431.19,41716,1698942540,,,,,,,,,,,42.17389760282617,81.8452850107312,115.68359660486959,-39.62879305100441
179,2023-11-03 00:30:00,431.41,431.49,431.49,431.2,29444,1698942600,,,,,,,,,,,44.284212809090846,80.34658280944615,115.71554502522504,-5.003855812827019
180,2023-11-03 00:31:00,431.51,431.28,431.51,431.28,28968,1698942660,,,,,,,,,,,43.87423790560081,80.34658280944615,115.71554502522504,17.34787629111383
181,2023-11-03 00:32:00,431.24,431.23,431.24,431.03,31832,1698942720,,,,,,,,,,,43.133783681843,80.34658280944615,115.71554502522504,2.360650073504089
182,2023-11-03 00:33:00,431.33,431.25,431.34,431.13,24992,1698942780,,,,,,,,,,,42.674321056917705,80.34658280944615,115.71554502522504,-14.199627625989688
183,2023-11-03 00:34:00,431.18,431.54,431.54,431.18,29746,1698942840,,,,,,,,,,,45.466843350631805,80.34658280944615,115.71554502522504,-21.117958478641714
184,2023-11-03 00:35:00,431.55,431.55,431.62,431.41,36398,1698942900,,,,,,,,,,,48.04361891934958,78.95818625474735,115.71554502522504,14.608820378690403
185,2023-11-03 00:36:00,431.6,431.88,431.88,431.54,49008,1698942960,,,,,,,,,,,54.481150349888324,78.95818625474735,115.71554502522504,34.551617412341145
186,2023-11-03 00:37:00,431.77,432.22,432.22,431.74,66352,1698943020,,,,,,,,,,,64.90170327267103,78.95818625474735,115.71554502522504,60.291328211921964
187,2023-11-03 00:38:00,432.18,432.2,432.44,432.18,87700,1698943080,,,,,,,,,,,71.60108515594378,78.95818625474735,115.71554502522504,72.53041477714766
188,2023-11-03 00:39:00,432.28,432.39,432.39,432.28,30520,1698943140,,,,,,,,,,,79.5104154267297,78.95818625474735,115.71554502522504,75.5097403484416
189,2023-11-03 00:40:00,432.42,432.49,432.61,432.42,95340,1698943200,,,,,,,,,,,85.84879034445763,78.55471431074858,115.71554502522504,77.65396381715068
190,2023-11-03 00:41:00,432.32,432.4,432.5,432.29,54350,1698943260,,,,,,,,,,,90.53749053119098,78.55471431074858,115.71554502522504,78.72891620256968
191,2023-11-03 00:42:00,432.32,432.53,432.53,432.32,30738,1698943320,,,,,,,,,,,95.87155683246077,78.55471431074858,115.71554502522504,78.64144985575106
192,2023-11-03 00:43:00,432.5,432.29,432.57,432.29,37978,1698943380,,,,,,,,,,,98.20201422341185,78.55471431074858,115.71554502522504,78.77548365682644
193,2023-11-03 00:44:00,432.11,432.27,432.34,432.08,50906,1698943440,,,,,,,,,,,99.97522166699834,78.55471431074858,115.71554502522504,77.29347449302342
194,2023-11-03 00:45:00,432.32,432.39,432.47,432.32,34766,1698943500,,,,,,,,,,,102.60192291459968,78.06893320414815,115.71554502522504,75.67701051208007
195,2023-11-03 00:46:00,432.55,432.5,432.55,432.35,40504,1698943560,,,,,,,,,,,105.8908531341244,78.06893320414815,115.71554502522504,75.4927311795922
196,2023-11-03 00:47:00,432.62,432.47,432.62,432.47,24202,1698943620,,,,,,,,,,,108.32619624617358,78.06893320414815,115.71554502522504,76.63779002563261
197,2023-11-03 00:48:00,432.56,432.52,432.61,432.38,45352,1698943680,,,,,,,,,,,110.8573232074099,78.06893320414815,115.71554502522504,78.29233009131677
198,2023-11-03 00:49:00,432.45,432.6,432.63,432.45,50402,1698943740,,,,,,,,,,,113.66531804108517,78.06893320414815,115.71554502522504,78.9073650694739
199,2023-11-03 00:50:00,432.53,432.54,432.62,432.47,39344,1698943800,,,,,,,,,,,115.47065879379299,77.54058884168938,115.71554502522504,79.16641097685749
200,2023-11-03 00:51:00,432.52,432.37,432.52,432.37,36430,1698943860,,,,,,,,,,,115.33010825484588,77.54058884168938,115.71554502522504,78.66625112471904
201,2023-11-03 00:52:00,432.42,432.71,432.71,432.4,41992,1698943920,,,,,,,,,,,117.56620597089707,77.54058884168938,115.71554502522504,77.13041248642587
202,2023-11-03 00:53:00,432.66,432.7,432.74,432.53,47648,1698943980,,,,,,,,,,,119.07372756510753,77.54058884168938,115.71554502522504,77.27125603825384
203,2023-11-03 00:54:00,432.58,432.69,432.92,432.58,98884,1698944040,,,,,,,,,,,118.73658813721012,77.54058884168938,115.71554502522504,76.73572749166328
204,2023-11-03 00:55:00,432.73,432.79,432.86,432.73,47304,1698944100,,,,,,,,,,,119.1495363222628,77.36104070190473,115.71554502522504,75.01262481467992
205,2023-11-03 00:56:00,432.88,433.14,433.14,432.83,60572,1698944160,,,,,,,,,,,120.48383079135755,77.36104070190473,115.71554502522504,73.92757961950218
206,2023-11-03 00:57:00,433.08,432.86,433.08,432.79,58148,1698944220,,,,,,,,,,,119.42319350358355,77.36104070190473,115.71554502522504,73.55497979094741
207,2023-11-03 00:58:00,432.71,432.9,432.98,432.63,89084,1698944280,,,,,,,,,,,118.6679153525655,77.36104070190473,115.71554502522504,71.05664778738688
208,2023-11-03 00:59:00,432.85,432.31,432.85,432.31,63712,1698944340,,,,,,,,,,,113.39226576122479,77.36104070190473,115.71554502522504,68.99010181040886
209,2023-11-03 01:00:00,432.64,432.46,432.64,432.39,45576,1698944400,,,,,,,,,,,109.732198191474,76.70649473464147,116.05804928810487,59.56649179098733
210,2023-11-03 01:01:00,432.42,432.34,432.42,432.29,35162,1698944460,,,,,,,,,,,105.46653257115491,76.70649473464147,116.05804928810487,52.17912415079499
211,2023-11-03 01:02:00,432.42,432.4,432.42,432.32,42966,1698944520,,,,,,,,,,,102.04155186230005,76.70649473464147,116.05804928810487,41.36801594465903
212,2023-11-03 01:03:00,432.4,432.62,432.65,432.4,30312,1698944580,,,,,,,,,,,100.59298558571314,76.70649473464147,116.05804928810487,34.07484213524357
213,2023-11-03 01:04:00,432.61,432.64,432.67,432.52,19732,1698944640,,,,,,,,,,,98.9298127747982,76.70649473464147,116.05804928810487,37.55397915631635
214,2023-11-03 01:05:00,432.55,432.48,432.55,432.4,27156,1698944700,,,,,,,,,,,96.02147513289441,76.11943814602654,116.05804928810487,39.73596433958345
215,2023-11-03 01:06:00,432.54,432.43,432.62,432.43,20382,1698944760,,,,,,,,,,,92.94813254837229,76.11943814602654,116.05804928810487,34.47612425882838
216,2023-11-03 01:07:00,432.6,432.47,432.69,432.47,23670,1698944820,,,,,,,,,,,90.50264813325941,76.11943814602654,116.05804928810487,28.015739463469433
217,2023-11-03 01:08:00,432.51,432.42,432.51,432.26,26924,1698944880,,,,,,,,,,,87.85504613042275,76.11943814602654,116.05804928810487,25.022874696413126
218,2023-11-03 01:09:00,432.51,432.48,432.54,432.38,13642,1698944940,,,,,,,,,,,85.97171579975299,76.11943814602654,116.05804928810487,20.111561178236236
219,2023-11-03 01:10:00,432.57,432.53,432.62,432.3,28398,1698945000,,,,,,,,,,,84.68910867322748,75.63314178951401,116.05804928810487,19.672464802282143
220,2023-11-03 01:11:00,432.45,432.53,432.61,432.44,27204,1698945060,,,,,,,,,,,83.25006198641287,75.63314178951401,116.05804928810487,21.60564329658045
221,2023-11-03 01:12:00,432.54,432.79,432.79,432.47,24420,1698945120,,,,,,,,,,,84.27646607020591,75.63314178951401,116.05804928810487,22.4210568804871
222,2023-11-03 01:13:00,432.72,433.1,433.1,432.72,67422,1698945180,,,,,,,,,,,87.94545714463223,75.63314178951401,116.05804928810487,34.07661192145724
223,2023-11-03 01:14:00,433.03,432.89,433.03,432.79,34106,1698945240,,,,,,,,,,,89.28465258257734,75.63314178951401,116.05804928810487,48.649168611877236
224,2023-11-03 01:15:00,432.95,432.95,432.95,432.84,16782,1698945300,,,,,,,,,,,90.9896489983064,71.96265475010645,116.05804928810487,49.87309861215966
225,2023-11-03 01:16:00,433.01,433.01,433.06,432.85,32902,1698945360,,,,,,,,,,,93.01835917903833,71.96265475010645,116.05804928810487,51.334548975588675
226,2023-11-03 01:17:00,433.17,433.27,433.33,433.17,70024,1698945420,,,,,,,,,,,95.4454875411873,71.96265475010645,116.05804928810487,52.825583970821896
227,2023-11-03 01:18:00,433.26,432.78,433.26,432.76,49908,1698945480,,,,,,,,,,,93.20023032334487,71.96265475010645,116.05804928810487,54.498135719471975
228,2023-11-03 01:19:00,432.83,432.89,432.93,432.83,39264,1698945540,,,,,,,,,,,91.6701471809628,71.96265475010645,116.05804928810487,44.8120169235839
229,2023-11-03 01:20:00,432.96,432.93,432.98,432.87,21716,1698945600,,,,,,,,,,,90.3814347461344,68.64874224393992,116.05804928810487,39.287462198868006
230,2023-11-03 01:21:00,432.93,432.89,433.03,432.89,33888,1698945660,,,,,,,,,,,88.18428500010208,68.64874224393992,116.05804928810487,36.04665537467721
231,2023-11-03 01:22:00,432.95,432.74,433.04,432.74,23712,1698945720,,,,,,,,,,,82.4680117366402,68.64874224393992,116.05804928810487,31.937979895967906
232,2023-11-03 01:23:00,432.83,432.83,432.87,432.83,14852,1698945780,,,,,,,,,,,78.7326447527501,68.64874224393992,116.05804928810487,22.765651957845193
233,2023-11-03 01:24:00,432.77,432.48,432.77,432.48,41724,1698945840,,,,,,,,,,,70.04435775899412,68.64874224393992,116.05804928810487,19.82946901641145
234,2023-11-03 01:25:00,432.52,432.58,432.59,432.52,17272,1698945900,,,,,,,,,,,63.83569727661512,64.73413973670844,116.05804928810487,1.3472642457541135
235,2023-11-03 01:26:00,432.38,432.0,432.38,432.0,96306,1698945960,,,,,,,,,,,50.676883268513336,64.73413973670844,116.05804928810487,-6.0003558400898225
236,2023-11-03 01:27:00,432.24,432.37,432.37,432.24,45774,1698946020,,,,,,,,,,,44.30548848027922,64.73413973670844,116.05804928810487,-33.875163530222196
237,2023-11-03 01:28:00,432.34,432.67,432.67,432.34,49956,1698946080,,,,,,,,,,,42.9928017866265,64.73413973670844,116.05804928810487,-35.42976134482742
238,2023-11-03 01:29:00,432.71,432.62,432.91,432.54,64500,1698946140,,,,,,,,,,,41.163656945598404,64.73413973670844,116.05804928810487,-25.237502505370962
239,2023-11-03 01:30:00,432.68,432.76,432.76,432.62,27280,1698946200,,,,,,,,,,,41.606199498992254,64.13612165856236,116.38340515991698,-19.41471613342967
240,2023-11-03 01:31:00,432.87,433.47,433.47,432.86,68480,1698946260,,,,,,,,,,,50.251231236619816,64.13612165856236,116.38340515991698,-8.564543264670675
241,2023-11-03 01:32:00,433.37,433.29,433.37,433.19,52084,1698946320,,,,,,,,,,,55.66298402370191,64.13612165856236,116.38340515991698,25.172217642458012
242,2023-11-03 01:33:00,433.22,433.37,433.44,433.22,45512,1698946380,,,,,,,,,,,61.55991411137893,64.13612165856236,116.38340515991698,35.125937156738196
243,2023-11-03 01:34:00,433.48,433.37,433.48,433.36,39094,1698946440,,,,,,,,,,,66.7170611077924,64.13612165856236,116.38340515991698,41.947034477018036
244,2023-11-03 01:35:00,433.43,433.52,433.52,433.31,36006,1698946500,,,,,,,,,,,72.74482071824335,66.84435882405981,116.38340515991698,44.79001543760051
245,2023-11-03 01:36:00,433.46,433.26,433.48,433.26,28630,1698946560,,,,,,,,,,,74.84779737220194,66.84435882405981,116.38340515991698,48.145524566431085
246,2023-11-03 01:37:00,433.25,433.1,433.25,433.04,55128,1698946620,,,,,,,,,,,74.70379197086186,66.84435882405981,116.38340515991698,44.06052561353389
247,2023-11-03 01:38:00,433.26,433.35,433.35,433.19,49772,1698946680,,,,,,,,,,,77.71124269319253,66.84435882405981,116.38340515991698,36.294021215058294
248,2023-11-03 01:39:00,433.3,433.2,433.3,433.2,24834,1698946740,,,,,,,,,,,78.49445506249936,66.84435882405981,116.38340515991698,37.41743052009649
249,2023-11-03 01:40:00,433.39,433.56,433.59,433.29,40916,1698946800,,,,,,,,,,,82.84153781879178,69.42538061139211,116.38340515991698,32.252243305339746
250,2023-11-03 01:41:00,433.51,433.22,433.51,433.22,34322,1698946860,,,,,,,,,,,82.6095513059733,69.42538061139211,116.38340515991698,37.77625811897793
251,2023-11-03 01:42:00,433.16,433.44,433.44,433.16,21412,1698946920,,,,,,,,,,,85.02563666325813,69.42538061139211,116.38340515991698,30.01537686971286
252,2023-11-03 01:43:00,433.47,433.47,433.68,433.46,37678,1698946980,,,,,,,,,,,86.56898558974214,69.42538061139211,116.38340515991698,31.725881775967434
253,2023-11-03 01:44:00,433.41,433.32,433.58,433.25,37576,1698947040,,,,,,,,,,,86.21120262339753,69.42538061139211,116.38340515991698,30.512662306115807
254,2023-11-03 01:45:00,433.41,433.22,433.41,433.21,36256,1698947100,,,,,,,,,,,84.72801321714064,70.53505390559445,116.38340515991698,24.0550104390441
255,2023-11-03 01:46:00,433.23,433.23,433.34,433.23,26118,1698947160,,,,,,,,,,,83.4959294343441,70.53505390559445,116.38340515991698,15.2998220568634
256,2023-11-03 01:47:00,433.24,433.4,433.42,433.24,30270,1698947220,,,,,,,,,,,84.31081380088082,70.53505390559445,116.38340515991698,8.755941455063867
257,2023-11-03 01:48:00,433.5,433.41,433.52,433.41,22530,1698947280,,,,,,,,,,,85.13008088296527,70.53505390559445,116.38340515991698,11.799985075899652
258,2023-11-03 01:49:00,433.51,433.49,433.51,433.45,13346,1698947340,,,,,,,,,,,86.7484664091698,70.53505390559445,116.38340515991698,13.80769612542894
259,2023-11-03 01:50:00,433.54,433.43,433.55,433.43,28108,1698947400,,,,,,,,,,,87.48435149515188,72.2873237968758,116.38340515991698,18.108199318787047
260,2023-11-03 01:51:00,433.23,433.54,433.54,433.23,33080,1698947460,,,,,,,,,,,89.36619945970318,72.2873237968758,116.38340515991698,17.999604001847388
261,2023-11-03 01:52:00,433.64,433.45,433.64,433.45,26432,1698947520,,,,,,,,,,,89.99191290593333,72.2873237968758,116.38340515991698,21.95518814248821
262,2023-11-03 01:53:00,433.49,433.6,433.65,433.48,21372,1698947580,,,,,,,,,,,92.22696187390383,72.2873237968758,116.38340515991698,20.182197251123434
263,2023-11-03 01:54:00,433.75,433.73,433.75,433.62,44184,1698947640,,,,,,,,,,,94.87896089037253,72.2873237968758,116.38340515991698,24.585617263713008
264,2023-11-03 01:55:00,433.69,433.75,433.75,433.65,35032,1698947700,,,,,,,,,,,97.42524020742789,75.00043464080889,116.38340515991698,28.926287428814582
265,2023-11-03 01:56:00,433.74,433.72,433.74,433.59,107124,1698947760,,,,,,,,,,,99.32715674174432,75.00043464080889,116.38340515991698,31.728560631421317
266,2023-11-03 01:57:00,433.63,433.71,433.83,433.58,30988,1698947820,,,,,,,,,,,100.05374016783074,75.00043464080889,116.38340515991698,31.666444930977686
267,2023-11-03 01:58:00,433.74,433.61,433.78,433.61,19412,1698947880,,,,,,,,,,,99.61296930872129,75.00043464080889,116.38340515991698,26.67387433251728
268,2023-11-03 01:59:00,433.67,433.89,433.89,433.65,29772,1698947940,,,,,,,,,,,101.474809198022,75.00043464080889,116.38340515991698,17.368489723522742
269,2023-11-03 02:00:00,433.9,433.86,433.9,433.69,35774,1698948000,,,,,,,,,,,102.68778472386876,77.51857093805779,117.04904249044708,23.12839578178894
270,2023-11-03 02:01:00,433.82,433.51,433.82,433.51,36362,1698948060,,,,,,,,,,,100.2026509106521,77.51857093805779,117.04904249044708,24.168879935871825
271,2023-11-03 02:02:00,433.67,433.77,433.77,433.59,360984,1698948120,,,,,,,,,,,100.56089917083415,77.51857093805779,117.04904249044708,5.215175069855234
272,2023-11-03 02:03:00,433.66,433.83,433.88,433.66,25628,1698948180,,,,,,,,,,,101.443579740816,77.51857093805779,117.04904249044708,7.645860812268357
273,2023-11-03 02:04:00,433.85,434.08,434.08,433.74,66844,1698948240,,,,,,,,,,,102.89379598117546,77.51857093805779,117.04904249044708,12.453938589448322
274,2023-11-03 02:05:00,434.02,433.92,434.1,433.92,37288,1698948300,,,,,,,,,,,102.50613890809916,79.60915558726853,117.04904249044708,18.949835597496097
275,2023-11-03 02:06:00,433.84,433.97,434.08,433.79,46904,1698948360,,,,,,,,,,,102.5742393462258,79.60915558726853,117.04904249044708,13.835328474969147
276,2023-11-03 02:07:00,434.04,434.0,434.05,433.96,26340,1698948420,,,,,,,,,,,102.86762397629084,79.60915558726853,117.04904249044708,12.805946145076215
277,2023-11-03 02:08:00,434.08,434.06,434.08,434.01,38788,1698948480,,,,,,,,,,,103.63531731678728,79.60915558726853,117.04904249044708,13.440800734652074
278,2023-11-03 02:09:00,434.09,433.42,434.11,433.42,62912,1698948540,,,,,,,,,,,98.39385705003087,79.60915558726853,117.04904249044708,16.556746971901063
279,2023-11-03 02:10:00,433.44,433.61,433.61,433.36,72344,1698948600,,,,,,,,,,,95.41066727373729,79.87371331867473,117.04904249044708,-14.937972058522247
280,2023-11-03 02:11:00,433.52,433.37,433.57,433.37,38452,1698948660,,,,,,,,,,,89.6930695937593,79.87371331867473,117.04904249044708,-23.989314380465647
281,2023-11-03 02:12:00,433.22,433.13,433.22,433.03,85976,1698948720,,,,,,,,,,,81.56373141704864,79.87371331867473,117.04904249044708,-37.7081967198282
282,2023-11-03 02:13:00,432.92,433.27,433.27,432.92,55956,1698948780,,,,,,,,,,,74.67427707076402,79.87371331867473,117.04904249044708,-50.10332402289754
283,2023-11-03 02:14:00,433.18,432.71,433.18,432.54,155944,1698948840,,,,,,,,,,,61.73086162436675,79.87371331867473,117.04904249044708,-52.94114125937364
284,2023-11-03 02:15:00,432.94,433.02,433.22,432.94,78340,1698948900,,,,,,,,,,,54.003005279241165,77.23512751264917,117.04904249044708,-62.549521141489244
285,2023-11-03 02:16:00,433.2,433.09,433.32,433.09,30704,1698948960,,,,,,,,,,,48.01913925571537,77.23512751264917,117.04904249044708,-63.463810067640175
286,2023-11-03 02:17:00,433.25,433.13,433.34,433.13,22232,1698949020,,,,,,,,,,,43.23571306635725,77.23512751264917,117.04904249044708,-63.013297602393834
287,2023-11-03 02:18:00,433.29,433.32,433.34,433.27,28680,1698949080,,,,,,,,,,,41.35648878750811,77.23512751264917,117.04904249044708,-61.941589346012265
288,2023-11-03 02:19:00,433.4,433.4,433.53,433.4,62192,1698949140,,,,,,,,,,,40.73029039406464,77.23512751264917,117.04904249044708,-58.007417047071556
289,2023-11-03 02:20:00,433.42,433.45,433.45,433.37,15696,1698949200,,,,,,,,,,,40.855866259460015,77.25057183022824,117.04904249044708,-52.74283921981
290,2023-11-03 02:21:00,433.5,433.72,433.72,433.33,35020,1698949260,,,,,,,,,,,44.32790729349338,77.25057183022824,117.04904249044708,-46.56082114720914
291,2023-11-03 02:22:00,433.64,433.55,433.64,433.52,24286,1698949320,,,,,,,,,,,45.420112962401845,77.25057183022824,117.04904249044708,-30.219839643763244
292,2023-11-03 02:23:00,433.55,433.64,433.72,433.55,26238,1698949380,,,,,,,,,,,47.55113617849642,77.25057183022824,117.04904249044708,-24.281946965168796
293,2023-11-03 02:24:00,433.82,433.92,433.93,433.82,59480,1698949440,,,,,,,,,,,52.91590101998693,77.25057183022824,117.04904249044708,-14.689066715380319
294,2023-11-03 02:25:00,434.0,434.17,434.17,434.0,62988,1698949500,,,,,,,,,,,60.05749329860569,81.05659417161485,117.04904249044708,9.491694738845869
295,2023-11-03 02:26:00,434.09,434.09,434.16,434.05,58442,1698949560,,,,,,,,,,,65.5181672920514,81.05659417161485,117.04904249044708,32.674668389180795
296,2023-11-03 02:27:00,433.97,434.28,434.28,433.97,53928,1698949620,,,,,,,,,,,71.34442909093391,81.05659417161485,117.04904249044708,40.02829919832506
297,2023-11-03 02:28:00,434.15,433.92,434.16,433.92,46514,1698949680,,,,,,,,,,,72.59308558460648,81.05659417161485,117.04904249044708,45.80392461657053
298,2023-11-03 02:29:00,433.9,434.02,434.05,433.9,22388,1698949740,,,,,,,,,,,74.80899833475908,81.05659417161485,117.04904249044708,37.583964873099326
299,2023-11-03 02:30:00,434.16,434.52,434.52,434.16,96716,1698949800,,,,,,,,,,,79.64053659072223,84.91906535448194,117.8249806551556,34.681651186047425
300,2023-11-03 02:31:00,434.53,433.89,434.53,433.88,81474,1698949860,,,,,,,,,,,77.7935427627832,84.91906535448194,117.8249806551556,41.384816067902136
301,2023-11-03 02:32:00,433.93,434.2,434.2,433.85,48446,1698949920,,,,,,,,,,,79.1174721368821,84.91906535448194,117.8249806551556,23.14724017926566
302,2023-11-03 02:33:00,434.29,434.32,434.35,434.16,50276,1698949980,,,,,,,,,,,81.44229992810747,84.91906535448194,117.8249806551556,22.00019576829511
303,2023-11-03 02:34:00,434.42,434.62,434.71,434.42,101494,1698950040,,,,,,,,,,,84.72718443357059,84.91906535448194,117.8249806551556,25.844197119155858
304,2023-11-03 02:35:00,434.7,434.74,434.76,434.62,67052,1698950100,,,,,,,,,,,88.25858438150635,88.25818554086163,117.8249806551556,32.306966993058715
305,2023-11-03 02:36:00,434.77,434.76,434.77,434.63,40204,1698950160,,,,,,,,,,,91.46947830168844,88.25818554086163,117.8249806551556,37.49726472295041
306,2023-11-03 02:37:00,434.81,434.78,434.89,434.6,76114,1698950220,,,,,,,,,,,93.49358147958515,88.25818554086163,117.8249806551556,40.124882950328896
307,2023-11-03 02:38:00,434.86,434.75,434.86,434.72,43640,1698950280,,,,,,,,,,,95.02094224982122,88.25818554086163,117.8249806551556,38.643661674166275
308,2023-11-03 02:39:00,434.91,434.84,434.96,434.81,194164,1698950340,,,,,,,,,,,96.5379706683901,88.25818554086163,117.8249806551556,36.31156319670076
309,2023-11-03 02:40:00,434.9,435.08,435.08,434.84,134150,1698950400,,,,,,,,,,,98.80047761141697,91.30951155881888,117.8249806551556,34.85935541418939
310,2023-11-03 02:41:00,435.17,435.22,435.27,435.14,91068,1698950460,,,,,,,,,,,100.42668340904953,91.30951155881888,117.8249806551556,36.59147623186986
311,2023-11-03 02:42:00,435.26,435.59,435.59,435.26,136366,1698950520,,,,,,,,,,,102.1832733194938,91.30951155881888,117.8249806551556,35.92529837811723
312,2023-11-03 02:43:00,435.49,435.45,435.53,435.43,74684,1698950580,,,,,,,,,,,102.82652354148158,91.30951155881888,117.8249806551556,36.12864630205742
313,2023-11-03 02:44:00,435.4,435.59,435.61,435.22,107716,1698950640,,,,,,,,,,,104.10663187880601,91.30951155881888,117.8249806551556,32.62139326795293
314,2023-11-03 02:45:00,435.88,435.82,435.99,435.77,237396,1698950700,,,,,,,,,,,104.38339680228921,93.40004396302271,117.8249806551556,32.56671926820636
315,2023-11-03 02:46:00,435.81,435.81,435.87,435.75,59164,1698950760,,,,,,,,,,,104.52771335274517,93.40004396302271,117.8249806551556,28.87572473006692
316,2023-11-03 02:47:00,435.87,435.75,435.87,435.75,64656,1698950820,,,,,,,,,,,104.27775037735242,93.40004396302271,117.8249806551556,25.450336850909324
317,2023-11-03 02:48:00,435.8,435.65,435.8,435.65,80904,1698950880,,,,,,,,,,,103.45612950422836,93.40004396302271,117.8249806551556,21.04594512404375
318,2023-11-03 02:49:00,435.63,435.77,435.77,435.51,101088,1698950940,,,,,,,,,,,103.3459798344106,93.40004396302271,117.8249806551556,14.376654779482879
319,2023-11-03 02:50:00,435.75,435.33,435.75,435.12,135908,1698951000,,,,,,,,,,,100.76945572856903,93.48926907655391,117.8249806551556,13.455187749209582
320,2023-11-03 02:51:00,435.23,435.02,435.23,435.02,86412,1698951060,,,,,,,,,,,96.71934272034534,93.48926907655391,117.8249806551556,-1.422693570817938
321,2023-11-03 02:52:00,435.03,435.37,435.37,435.03,71444,1698951120,,,,,,,,,,,95.01967360788677,93.48926907655391,117.8249806551556,-20.120041074764547
322,2023-11-03 02:53:00,435.38,435.68,435.69,435.38,118528,1698951180,,,,,,,,,,,95.19856684100534,93.48926907655391,117.8249806551556,-20.75094781018628
323,2023-11-03 02:54:00,435.73,436.1,436.17,435.73,126442,1698951240,,,,,,,,,,,96.6845032899175,93.48926907655391,117.8249806551556,-11.528438108576339
324,2023-11-03 02:55:00,436.1,436.05,436.26,436.05,116166,1698951300,,,,,,,,,,,97.27476480436289,95.18159026995181,117.8249806551556,2.858763405689956
325,2023-11-03 02:56:00,436.17,436.52,436.52,436.17,131484,1698951360,,,,,,,,,,,98.85482376534276,95.18159026995181,117.8249806551556,7.764022365861167
326,2023-11-03 02:57:00,436.55,436.75,436.75,436.32,147878,1698951420,,,,,,,,,,,100.23632035461699,95.18159026995181,117.8249806551556,16.66591410305985
327,2023-11-03 02:58:00,436.85,436.7,436.88,436.53,173174,1698951480,,,,,,,,,,,100.64608034269801,95.18159026995181,117.8249806551556,21.60393356466684
328,2023-11-03 02:59:00,436.67,436.66,436.8,436.66,84238,1698951540,,,,,,,,,,,100.7072310221011,95.18159026995181,117.8249806551556,20.19533925941375
329,2023-11-03 03:00:00,436.93,436.71,436.94,436.66,79478,1698951600,,,,,,,,,,,100.6579552521242,96.67687368733206,118.87092336062994,18.02330639863343
330,2023-11-03 03:01:00,436.73,436.55,436.73,436.29,91036,1698951660,,,,,,,,,,,99.7710023829089,96.67687368733206,118.87092336062994,16.154720353395184
331,2023-11-03 03:02:00,436.41,436.43,436.59,436.34,60400,1698951720,,,,,,,,,,,98.25437932144092,96.67687368733206,118.87092336062994,10.845480420113002
332,2023-11-03 03:03:00,436.41,436.53,436.54,436.41,42540,1698951780,,,,,,,,,,,97.36448188063781,96.67687368733206,118.87092336062994,4.225600423707407
333,2023-11-03 03:04:00,436.62,436.46,436.62,436.12,79480,1698951840,,,,,,,,,,,96.17994311448982,96.67687368733206,118.87092336062994,2.424870144665502
334,2023-11-03 03:05:00,436.5,436.53,436.63,436.5,77340,1698951900,,,,,,,,,,,95.47653671988348,97.43283469899757,118.87092336062994,-0.5144609774565218
335,2023-11-03 03:06:00,436.51,436.58,436.64,436.5,32270,1698951960,,,,,,,,,,,94.9922369031689,97.43283469899757,118.87092336062994,-0.6037391668977226
336,2023-11-03 03:07:00,436.55,437.12,437.12,436.55,79692,1698952020,,,,,,,,,,,96.55752695729637,97.43283469899757,118.87092336062994,0.6066484162614295
337,2023-11-03 03:08:00,437.25,437.31,437.36,437.25,174898,1698952080,,,,,,,,,,,97.66643744785128,97.43283469899757,118.87092336062994,10.292443418025204
338,2023-11-03 03:09:00,437.35,437.97,437.97,437.33,221228,1698952140,,,,,,,,,,,98.9064465705145,97.43283469899757,118.87092336062994,14.891308587058964
339,2023-11-03 03:10:00,437.98,438.06,438.2,437.98,164704,1698952200,,,,,,,,,,,99.3764222899535,98.96221800340982,118.87092336062994,18.459288104596787
340,2023-11-03 03:11:00,438.17,438.25,438.38,438.13,175480,1698952260,,,,,,,,,,,99.8409186189059,98.96221800340982,118.87092336062994,17.88417584517565
341,2023-11-03 03:12:00,438.18,438.23,438.23,438.05,111632,1698952320,,,,,,,,,,,100.14912331766155,98.96221800340982,118.87092336062994,17.4545318366688
342,2023-11-03 03:13:00,438.22,438.54,438.54,438.22,136024,1698952380,,,,,,,,,,1.0,101.03504263019735,98.96221800340982,118.87092336062994,16.535153060069817
343,2023-11-03 03:14:00,438.55,438.53,438.6,438.46,128920,1698952440,,,,,,,,,,,101.5205391705268,98.96221800340982,118.87092336062994,18.216030145242776
344,2023-11-03 03:15:00,438.55,438.63,438.66,438.55,138654,1698952500,,,,,,,,,,,102.09259424944702,100.57291660574683,118.87092336062994,17.809880708411676
345,2023-11-03 03:16:00,438.5,438.05,438.5,437.98,136090,1698952560,,,,,,,,,,,100.27438705874533,100.57291660574683,118.87092336062994,17.894340022806716
346,2023-11-03 03:17:00,438.16,438.5,438.56,438.16,119108,1698952620,,,,,,1.0,,,,,100.37709126903488,100.57291660574683,118.87092336062994,7.962323293278856
347,2023-11-03 03:18:00,438.17,437.63,438.18,437.63,167956,1698952680,,,,,,,,,,,96.48602813829234,100.57291660574683,118.87092336062994,9.110617046993005
348,2023-11-03 03:19:00,437.98,438.06,438.1,437.98,96694,1698952740,,,,,,,,,,,94.82238652410808,100.57291660574683,118.87092336062994,-5.475251369520962
349,2023-11-03 03:20:00,438.11,438.09,438.21,437.93,77144,1698952800,,,,,,,,,,,93.47171510627416,100.68662674599966,118.87092336062994,-7.090097772893916
350,2023-11-03 03:21:00,438.1,437.8,438.11,437.8,87806,1698952860,,,,,,,,,,,90.89666808844504,100.68662674599966,118.87092336062994,-7.470774422727756
351,2023-11-03 03:22:00,437.8,438.2,438.2,437.73,100584,1698952920,,,,,,,,,,,90.41675178612525,100.68662674599966,118.87092336062994,-12.528663254193571
352,2023-11-03 03:23:00,437.84,437.56,437.88,437.56,129834,1698952980,,,,,,,,,,,86.76032313873415,100.68662674599966,118.87092336062994,-8.71335783663126
353,2023-11-03 03:24:00,437.6,437.59,437.6,437.34,119608,1698953040,,,,,,,,,,,83.61423158403414,100.68662674599966,118.87092336062994,-16.91568355068713
354,2023-11-03 03:25:00,437.42,437.36,437.48,437.36,77318,1698953100,,,,,,,,,,,79.3496863776183,99.01370714050418,118.87092336062994,-21.098945383127603
355,2023-11-03 03:26:00,437.37,437.46,437.46,437.24,84260,1698953160,,,,,,,,,,,76.09287320242902,99.01370714050418,118.87092336062994,-26.709365815741982
356,2023-11-03 03:27:00,437.49,436.98,437.49,436.98,75750,1698953220,,,,,,,,,,,70.69541428892032,99.01370714050418,118.87092336062994,-28.331205823804673
357,2023-11-03 03:28:00,436.82,437.02,437.1,436.82,129230,1698953280,,,,,,,,,,,66.1287544656413,99.01370714050418,118.87092336062994,-35.158242921197676
358,2023-11-03 03:29:00,437.23,437.25,437.35,437.22,122260,1698953340,,,,,,,,,,,63.30855122928591,99.01370714050418,118.87092336062994,-38.21894415384136
359,2023-11-03 03:30:00,437.23,436.95,437.23,436.91,94568,1698953400,,,,,,,,,,,59.267661212900094,96.51305415750394,119.08616341296295,-37.10033252278225
360,2023-11-03 03:31:00,436.92,437.23,437.23,436.65,123844,1698953460,,,,,,,,,,,57.18992389897434,96.51305415750394,119.08616341296295,-39.39015979650763
361,2023-11-03 03:32:00,437.13,436.75,437.13,436.75,67880,1698953520,,,,,,,,,,,52.875501148987155,96.51305415750394,119.08616341296295,-37.25098029705075
362,2023-11-03 03:33:00,436.62,436.16,436.62,436.16,143344,1698953580,,,,,,,,,,,45.99571043966725,96.51305415750394,119.08616341296295,-40.90290996998046
363,2023-11-03 03:34:00,436.3,436.44,436.55,436.3,95620,1698953640,,,,,,,,,,,41.407502540207275,96.51305415750394,119.08616341296295,-48.144272812275844
364,2023-11-03 03:35:00,436.44,436.61,436.61,436.44,78036,1698953700,,,,,,,,,,,38.29256438021088,93.44637224701879,119.08616341296295,-50.71408095111232
365,2023-11-03 03:36:00,436.69,436.99,436.99,436.69,163524,1698953760,,,,,,,,,,,37.57401885596451,93.44637224701879,119.08616341296295,-50.98530034823318
366,2023-11-03 03:37:00,436.88,436.68,436.88,436.67,86980,1698953820,,,,,,,,,,,34.2766444383349,93.44637224701879,119.08616341296295,-47.41103458685706
367,2023-11-03 03:38:00,436.79,436.29,436.79,436.29,80636,1698953880,,,,,,,,,,,27.506185890680513,93.44637224701879,119.08616341296295,-48.114829880420345
368,2023-11-03 03:39:00,436.35,436.75,436.76,436.25,127624,1698953940,,,,,,,,,,,23.044009305450544,93.44637224701879,119.08616341296295,-52.05435051907628
369,2023-11-03 03:40:00,436.82,437.25,437.37,436.82,168268,1698954000,,,,,,,,,,,22.550341413737385,92.21379236910656,119.08616341296295,-49.93295767757116
370,2023-11-03 03:41:00,437.06,437.11,437.21,437.01,59456,1698954060,,,,,,,,,,,21.164435043831304,92.21379236910656,119.08616341296295,-42.19655074739184
371,2023-11-03 03:42:00,436.87,436.05,436.88,436.05,131656,1698954120,,,,,,,,,,,12.587501899114955,92.21379236910656,119.08616341296295,-38.36148389677247
372,2023-11-03 03:43:00,435.69,435.79,435.85,435.69,143740,1698954180,,,,,,,,,,,5.703567439193478,92.21379236910656,119.08616341296295,-49.48950906907745
373,2023-11-03 03:44:00,436.02,436.12,436.12,435.88,87228,1698954240,,,,,,,,,,,1.8199677039088442,92.21379236910656,119.08616341296295,-57.777356268669415
374,2023-11-03 03:45:00,436.14,435.52,436.14,435.52,121248,1698954300,,,,,,,,,,,-4.273749291204609,86.97930526741985,119.08616341296295,-59.44096401449286
375,2023-11-03 03:46:00,435.72,435.91,435.91,435.72,95716,1698954360,,,,,,,,,,,-7.18938639622661,86.97930526741985,119.08616341296295,-63.83133807221212
376,2023-11-03 03:47:00,435.87,435.85,435.94,435.81,89584,1698954420,,,,,,,,,,,-10.007256214528923,86.97930526741985,119.08616341296295,-63.9936631056755
377,2023-11-03 03:48:00,435.81,436.26,436.26,435.81,110280,1698954480,,,,,,,,,,,-9.875348240661282,86.97930526741985,119.08616341296295,-64.19705097691147
378,2023-11-03 03:49:00,436.18,436.45,436.48,436.18,129280,1698954540,,,,,,,,,,,-8.455404805540624,86.97930526741985,119.08616341296295,-61.58559024061342
379,2023-11-03 03:50:00,436.52,436.47,436.56,436.47,101532,1698954600,,,,,,,,,,,-6.927535083247349,84.56452824741154,119.08616341296295,-57.68401320865738
380,2023-11-03 03:51:00,436.08,436.11,436.11,435.82,160624,1698954660,,,,,,,,,,,-7.622418873693846,84.56452824741154,119.08616341296295,-53.94168973218685
381,2023-11-03 03:52:00,435.92,435.72,436.0,435.72,138492,1698954720,,,,,,,,,,,-10.484025221505462,84.56452824741154,119.08616341296295,-54.7210246833672
382,2023-11-03 03:53:00,435.57,435.41,435.6,435.41,131028,1698954780,,,,,,,,,,,-14.119166299356607,84.56452824741154,119.08616341296295,-60.205770406041864
383,2023-11-03 03:54:00,435.33,435.3,435.36,435.09,168112,1698954840,,,,,,,,,,,-16.098843225973667,84.56452824741154,119.08616341296295,-66.04617119724107
384,2023-11-03 03:55:00,435.36,435.65,435.65,435.36,130200,1698954900,,,,,,,,,,,-15.852029243746372,80.45680863037683,119.08616341296295,-69.9211208483448
385,2023-11-03 03:56:00,434.94,435.17,435.17,434.94,226296,1698954960,,,,,,,,,,,-17.313076997513832,80.45680863037683,119.08616341296295,-70.35512991290071
386,2023-11-03 03:57:00,435.18,435.16,435.37,435.16,117868,1698955020,,,,,,,,,,,-18.53275978341128,80.45680863037683,119.08616341296295,-72.47753611452872
387,2023-11-03 03:58:00,435.08,435.1,435.26,435.08,129380,1698955080,,,,,,,,,,,-19.794830567711458,80.45680863037683,119.08616341296295,-73.99174352700237
388,2023-11-03 03:59:00,434.98,434.74,434.98,434.74,187448,1698955140,,,,,,,,,,,-21.609124809691323,80.45680863037683,119.08616341296295,-75.26151570114168
389,2023-11-03 04:00:00,434.87,434.98,435.91,423.17,3469916,1698955200,,,,,,,,,,,-8.428024612581112,79.42220440778732,118.35585009383635,-76.75976694642787
