,dt,open,close,high,low,vol,turnover,ts,icon_1,icon_2,icon_11,icon_12,icon_13,icon_41,icon_34,icon_35,icon_38,icon_39,jw1,jw5,atr5,jw30,baijiao
0,2024-06-28 21:31:00,124.58,124.654,125.49,124.32,10053285,1254586752.0,1719581460,,,,,,,,,,,31.71994220590443,49.80099579382889,0.45864285714285763,61.60514714748514,76.39510171530827
1,2024-06-28 21:32:00,124.326,124.38,124.688,124.29,975645,121395968.0,1719581520,,,,,,,,,,,37.11515542673052,49.80099579382889,0.45864285714285763,61.60514714748514,81.06168266150843
2,2024-06-28 21:33:00,124.084,124.205,124.22,124.084,1226841,152342656.0,1719581580,,,,,,,,,,,40.57756559574875,49.80099579382889,0.45864285714285763,61.60514714748514,81.17330865181977
3,2024-06-28 21:34:00,123.92,123.68,123.95,123.564,1885158,233570688.0,1719581640,,,,,,,,,,,39.666329256101065,49.80099579382889,0.45864285714285763,61.60514714748514,80.06037702639217
4,2024-06-28 21:35:00,123.668,123.561,123.668,123.507,1226600,151577984.0,1719581700,,,,,,,,,,,37.92382650841125,44.10361343096868,0.5846428571428562,61.60514714748514,74.66406816260131
5,2024-06-28 21:36:00,123.725,124.06,124.24,123.725,1534819,190313600.0,1719581760,,,,,,,,,,,40.11228580820794,44.10361343096868,0.5846428571428562,61.60514714748514,64.22889844054592
6,2024-06-28 21:37:00,124.08,124.296,124.32,124.08,1085900,134855040.0,1719581820,1.0,,,,,,,,,,43.81633344015954,44.10361343096868,0.5846428571428562,61.60514714748514,67.40415985173924
7,2024-06-28 21:38:00,124.33,124.34,124.36,124.158,874016,108614144.0,1719581880,,,,,,,,,,,47.41529315228697,44.10361343096868,0.5846428571428562,61.60514714748514,72.32517989352216
8,2024-06-28 21:39:00,124.41,124.63,124.63,124.35,1044796,129985536.0,1719581940,,,,,,,,,,,52.77267822101674,44.10361343096868,0.5846428571428562,61.60514714748514,74.40594166335474
9,2024-06-28 21:40:00,124.55,124.672,124.748,124.55,1193740,148780544.0,1719582000,,,,,,,,,,,57.81563866367385,47.44239233641352,0.6587142857142843,61.60514714748514,77.25406652688811
10,2024-06-28 21:41:00,124.65,124.47,124.75,124.47,1133540,141159424.0,1719582060,,,,,,,,,,,60.726538371158625,47.44239233641352,0.6587142857142843,61.60514714748514,78.31968309747067
11,2024-06-28 21:42:00,124.395,124.28,124.395,124.225,824600,102497536.0,1719582120,,,,,,,,,,,61.82239924927641,47.44239233641352,0.6587142857142843,61.60514714748514,77.35068828070035
12,2024-06-28 21:43:00,124.46,124.67,124.7,124.46,800484,99648512.0,1719582180,,,,,,,,,,,65.68011523019932,47.44239233641352,0.6587142857142843,61.60514714748514,74.86856879395692
13,2024-06-28 21:44:00,124.625,124.79,124.88,124.625,1088692,135778560.0,1719582240,,,,,,,,,,,69.95555398134147,47.44239233641352,0.6587142857142843,61.60514714748514,75.77204130946176
14,2024-06-28 21:45:00,124.905,124.745,124.97,124.745,1628830,203418624.0,1719582300,,,,,,,,,,,73.35057728629288,50.99215857448273,0.6915714285714277,61.60514714748514,76.57598303540972
15,2024-06-28 21:46:00,125.0,125.178,125.178,125.0,1276970,159607040.0,1719582360,,,,,,,,,,,79.56638263706131,50.99215857448273,0.6915714285714277,61.60514714748514,76.31480762697555
16,2024-06-28 21:47:00,125.19,125.36,125.472,125.19,1337548,167495424.0,1719582420,,,,,,,,,,,86.39183825281415,50.99215857448273,0.6915714285714277,61.60514714748514,77.99181506083973
17,2024-06-28 21:48:00,125.48,125.28,125.5,125.216,1356450,170015744.0,1719582480,,,,,,,,,,,91.70191289384833,50.99215857448273,0.6915714285714277,61.60514714748514,79.07035975512115
18,2024-06-28 21:49:00,125.35,125.51,125.51,125.35,930104,116596480.0,1719582540,,1.0,,,,,,,,,97.98125620188344,50.99215857448273,0.6915714285714277,61.60514714748514,78.91854143278533
19,2024-06-28 21:50:00,125.49,125.79,125.79,125.49,1399600,175720704.0,1719582600,,,,,,,,,,,103.46023412265232,59.79891820722807,0.7465714285714284,61.60514714748514,79.15605664013803
20,2024-06-28 21:51:00,125.715,126.09,126.125,125.715,2124038,267386880.0,1719582660,,,,,,,,,,,108.00631454725698,59.79891820722807,0.7465714285714284,61.60514714748514,78.88942550504409
21,2024-06-28 21:52:00,126.06,126.07,126.16,126.06,1599968,201617920.0,1719582720,,,,,,,,,,,111.59979653083734,59.79891820722807,0.7465714285714284,61.60514714748514,78.23119346056379
22,2024-06-28 21:53:00,126.01,125.68,126.01,125.68,1257844,158247424.0,1719582780,,,,,,,,,,1.0,112.33689729639705,59.79891820722807,0.7465714285714284,61.60514714748514,77.23673977858952
23,2024-06-28 21:54:00,125.74,125.72,125.8,125.69,938404,118028288.0,1719582840,,,,,,,,,,,113.09638553085614,59.79891820722807,0.7465714285714284,61.60514714748514,74.71958038717271
24,2024-06-28 21:55:00,125.769,125.521,125.86,125.521,1125096,141432320.0,1719582900,,,,,,,,,,,112.45019467940338,63.83300585083188,0.765428571428571,61.60514714748514,72.45102071247297
25,2024-06-28 21:56:00,125.535,125.73,125.73,125.535,969368,121721856.0,1719582960,,,,,,,,,,,112.9914008946738,63.83300585083188,0.765428571428571,61.60514714748514,68.94674726105266
26,2024-06-28 21:57:00,125.745,125.628,125.79,125.615,689904,86717440.0,1719583020,,,,,,,,,,,112.73622319377753,63.83300585083188,0.765428571428571,61.60514714748514,67.31346888087175
27,2024-06-28 21:58:00,125.782,125.945,125.945,125.77,945060,118900736.0,1719583080,,,,,,,,,,,114.2766351823577,63.83300585083188,0.765428571428571,61.60514714748514,64.71928155926076
28,2024-06-28 21:59:00,125.996,125.86,126.056,125.86,1240228,156196352.0,1719583140,,,,,,,,,,,115.0175534693771,63.83300585083188,0.765428571428571,61.60514714748514,65.36321849715213
29,2024-06-28 22:00:00,126.08,126.164,126.164,126.01,1003252,126384128.0,1719583200,,,,,,,,,,,117.34623093953897,71.23538661658971,0.7642142857142856,64.43649621891116,64.42517548550362
30,2024-06-28 22:01:00,126.389,126.37,126.49,126.347,2112352,266764800.0,1719583260,,,,,,,,,,,118.64800389873204,71.23538661658971,0.7642142857142856,64.43649621891116,65.90718625164985
31,2024-06-28 22:02:00,126.51,126.56,126.63,126.51,1421516,179686912.0,1719583320,,,,,,,,,,,119.96915657115538,71.23538661658971,0.7642142857142856,64.43649621891116,65.32209918212227
32,2024-06-28 22:03:00,126.72,126.91,126.91,126.72,1478400,187301888.0,1719583380,,,,,,,,,,,121.38731550026404,71.23538661658971,0.7642142857142856,64.43649621891116,64.79242981816687
33,2024-06-28 22:04:00,126.94,126.93,126.94,126.729,1182996,149946880.0,1719583440,,,,,,,,,,,122.47961689806195,71.23538661658971,0.7642142857142856,64.43649621891116,64.4137738549513
34,2024-06-28 22:05:00,126.95,126.772,126.95,126.772,1203300,152492032.0,1719583500,,,,,,,,,,,122.52554866230454,76.95894959231023,0.7974999999999994,64.43649621891116,63.534547915079166
35,2024-06-28 22:06:00,126.82,126.919,126.964,126.82,1013648,128454656.0,1719583560,,,,,,,,1.0,,,123.08341010610536,76.95894959231023,0.7974999999999994,64.43649621891116,61.07289437312487
36,2024-06-28 22:07:00,126.78,126.71,126.84,126.644,1075480,136186880.0,1719583620,,,,,,,,,,,122.46422347190284,76.95894959231023,0.7974999999999994,64.43649621891116,59.92275408854353
37,2024-06-28 22:08:00,126.83,127.112,127.112,126.825,1715420,217569280.0,1719583680,,,,,,,,,,,123.0091513059383,76.95894959231023,0.7974999999999994,64.43649621891116,56.550755919836476
38,2024-06-28 22:09:00,127.1,126.87,127.1,126.81,1192612,151198208.0,1719583740,,,,,,,,,,,122.2676868611654,76.95894959231023,0.7974999999999994,64.43649621891116,56.26237508359607
39,2024-06-28 22:10:00,127.06,127.0,127.06,127.0,983280,124694016.0,1719583800,,,,,,,,,,,122.01985467109824,82.36444080044636,0.8194999999999989,64.43649621891116,52.86388183546793
40,2024-06-28 22:11:00,126.99,127.119,127.119,126.97,995280,126274560.0,1719583860,,,,,,,,,,,122.28331260185016,82.36444080044636,0.8194999999999989,64.43649621891116,51.436568311697826
41,2024-06-28 22:12:00,127.18,127.01,127.27,127.01,1272924,161712128.0,1719583920,,,,,,,,,,,121.0933173434446,82.36444080044636,0.8194999999999989,64.43649621891116,51.25816605723326
42,2024-06-28 22:13:00,127.2,127.17,127.2,127.08,820620,104146432.0,1719583980,,,,,,,,,,,120.74483324268593,82.36444080044636,0.8194999999999989,64.43649621891116,47.25387555971014
43,2024-06-28 22:14:00,127.23,127.34,127.36,127.23,1235288,157053952.0,1719584040,,,,,,,,,,,120.74592252163492,82.36444080044636,0.8194999999999989,64.43649621891116,46.093446686490424
44,2024-06-28 22:15:00,127.43,127.6,127.6,127.43,1466600,186761728.0,1719584100,,,,,,,,,,,120.75156149953386,87.65513695014458,0.8387857142857129,64.43649621891116,45.8622981767681
45,2024-06-28 22:16:00,127.63,127.35,127.63,127.332,1400544,178321408.0,1719584160,,,,,,,,,,,119.36637618688601,87.65513695014458,0.8387857142857129,64.43649621891116,45.37741726862475
46,2024-06-28 22:17:00,127.36,127.03,127.36,127.03,1419280,180310528.0,1719584220,,,,,,,,,,,116.5601920150028,87.65513695014458,0.8387857142857129,64.43649621891116,40.53771854237431
47,2024-06-28 22:18:00,127.035,126.702,127.035,126.61,1664320,210827264.0,1719584280,,,,,,,,,,,112.4570550861753,87.65513695014458,0.8387857142857129,64.43649621891116,30.865364224013767
48,2024-06-28 22:19:00,126.741,126.9,126.9,126.741,1063512,134503424.0,1719584340,,,,,,,,,,,109.64514551072998,87.65513695014458,0.8387857142857129,64.43649621891116,15.696781720040967
49,2024-06-28 22:20:00,126.825,126.59,126.825,126.59,949160,119846912.0,1719584400,,,,,,,,,,,105.36805835932512,88.06277959604954,0.8977142857142836,64.43649621891116,9.410355927355317
50,2024-06-28 22:21:00,126.65,126.64,126.78,126.64,707064,89212928.0,1719584460,,,,,,,,,,,101.26020889927628,88.06277959604954,0.8977142857142836,64.43649621891116,-2.665982608176418
51,2024-06-28 22:22:00,126.712,126.95,126.95,126.712,933376,118029312.0,1719584520,,,,,,,,,,,99.13888891682043,88.06277959604954,0.8977142857142836,64.43649621891116,-8.958723440656499
52,2024-06-28 22:23:00,126.96,126.858,126.96,126.762,846472,107067392.0,1719584580,,,,,,,,,,,96.61775026466981,88.06277959604954,0.8977142857142836,64.43649621891116,-5.039119612790108
53,2024-06-28 22:24:00,126.8,126.94,126.94,126.8,541576,68460544.0,1719584640,,,,,,,,,,,94.79606195881433,88.06277959604954,0.8977142857142836,64.43649621891116,-4.76679919942229
54,2024-06-28 22:25:00,127.048,127.096,127.17,127.048,1010792,127965184.0,1719584700,,,,,,,,,,,94.01780915081099,90.44267042254125,0.9054285714285696,64.43649621891116,-2.437266343713942
55,2024-06-28 22:26:00,127.08,127.07,127.08,126.925,850992,107759616.0,1719584760,,,,,,,,,,,93.15082138880891,90.44267042254125,0.9054285714285696,64.43649621891116,3.0450280204995277
56,2024-06-28 22:27:00,127.11,127.139,127.19,127.11,754592,95586304.0,1719584820,,,,,,,,,,,92.53590245256069,90.44267042254125,0.9054285714285696,64.43649621891116,5.776853187138211
57,2024-06-28 22:28:00,127.18,127.332,127.332,127.176,734112,93034496.0,1719584880,,,,,,,,,,,93.02947416230981,90.44267042254125,0.9054285714285696,64.43649621891116,9.09783251854312
58,2024-06-28 22:29:00,127.396,127.33,127.396,127.21,913040,115817472.0,1719584940,,,,,,,,,,,93.35425648805787,90.44267042254125,0.9054285714285696,64.43649621891116,15.62395413900539
59,2024-06-28 22:30:00,127.22,126.81,127.22,126.81,930312,117761024.0,1719585000,,,,,,,,,,,89.64919176128672,91.33707384907578,0.9022857142857126,67.89403653929932,19.215428530254687
60,2024-06-28 22:31:00,126.942,127.162,127.162,126.942,778024,98483200.0,1719585060,,,,,,,,,,,88.6221238806333,91.33707384907578,0.9022857142857126,67.89403653929932,8.90031159571125
61,2024-06-28 22:32:00,127.05,127.12,127.14,127.01,607976,76881920.0,1719585120,,,,,,,,,,,87.32077115964543,91.33707384907578,0.9022857142857126,67.89403653929932,10.634216188419177
62,2024-06-28 22:33:00,127.11,126.98,127.11,126.92,511664,64429056.0,1719585180,,,,,,,,,,,84.73881936500652,91.33707384907578,0.9022857142857126,67.89403653929932,10.510643126016525
63,2024-06-28 22:34:00,127.069,127.08,127.13,127.069,514824,64937984.0,1719585240,,,,,,,,,,,82.96738320066211,91.33707384907578,0.9022857142857126,67.89403653929932,6.818200219862142
64,2024-06-28 22:35:00,126.99,126.74,126.99,126.74,643512,81192960.0,1719585300,,,,,,,,,,,78.23256677027234,91.79019895923551,0.8752857142857126,67.89403653929932,6.819308900202109
65,2024-06-28 22:36:00,126.755,126.57,126.86,126.57,780536,98430976.0,1719585360,,,,,,,,,,,72.47671588306898,91.79019895923551,0.8752857142857126,67.89403653929932,-1.7639999576703451
66,2024-06-28 22:37:00,126.46,126.23,126.46,126.21,1548304,194962432.0,1719585420,,,,,,,,,,,64.28069893994632,91.79019895923551,0.8752857142857126,67.89403653929932,-11.272977584168112
67,2024-06-28 22:38:00,126.19,126.13,126.19,126.03,978840,123053056.0,1719585480,,,,,,,,,,,56.098608761891796,91.79019895923551,0.8752857142857126,67.89403653929932,-24.297228081670163
68,2024-06-28 22:39:00,126.17,126.33,126.33,126.15,1175704,147962880.0,1719585540,,,,,,,,,,,50.662449465247505,91.79019895923551,0.8752857142857126,67.89403653929932,-32.990021022640335
69,2024-06-28 22:40:00,126.24,126.01,126.335,126.01,790296,99381248.0,1719585600,,,,,,,,,,,42.87442882831064,89.14931791873285,0.8288571428571407,67.89403653929932,-34.13498913546817
70,2024-06-28 22:41:00,125.92,125.84,126.0,125.84,1343512,168716288.0,1719585660,,,,,,,,,,,33.80134041321793,89.14931791873285,0.8288571428571407,67.89403653929932,-39.643913653180704
71,2024-06-28 22:42:00,125.77,125.59,125.77,125.59,1301104,163081216.0,1719585720,,,,,,,,,,,23.6630768574652,89.14931791873285,0.8288571428571407,67.89403653929932,-44.714077318138685
72,2024-06-28 22:43:00,125.645,125.83,125.83,125.58,1428600,179053568.0,1719585780,,,,,,,,,,,17.056976902431614,89.14931791873285,0.8288571428571407,67.89403653929932,-50.06034865818321
73,2024-06-28 22:44:00,125.8,126.08,126.08,125.77,1068984,134136832.0,1719585840,,,,,,,,,,,13.611344892496675,89.14931791873285,0.8288571428571407,67.89403653929932,-50.234374795241294
74,2024-06-28 22:45:00,126.02,126.28,126.28,126.02,1051488,132192256.0,1719585900,,,,,,,,,,,12.522221426650702,87.84779181959091,0.7372142857142846,67.89403653929932,-47.055243996684126
75,2024-06-28 22:46:00,126.195,126.306,126.34,126.17,689600,86589440.0,1719585960,,,,,,,,,,,11.911965898191994,87.84779181959091,0.7372142857142846,67.89403653929932,-43.941887567229585
76,2024-06-28 22:47:00,126.345,126.226,126.345,126.198,636200,79963136.0,1719586020,,,,,,,,,,,10.739022372065222,87.84779181959091,0.7372142857142846,67.89403653929932,-40.92571047970631
77,2024-06-28 22:48:00,126.249,126.09,126.27,126.09,441920,55347200.0,1719586080,,,,,,,,,,,8.541724367381278,87.84779181959091,0.7372142857142846,67.89403653929932,-39.86059762440149
78,2024-06-28 22:49:00,126.122,126.29,126.29,126.122,604952,75807744.0,1719586140,,,,,,,,,,,8.564738192345828,87.84779181959091,0.7372142857142846,67.89403653929932,-41.225309026343034
79,2024-06-28 22:50:00,126.315,126.382,126.412,126.315,595152,74733568.0,1719586200,,,,,,,,,,,9.558319203893632,87.05696426130964,0.6754285714285706,67.89403653929932,-37.95851856426175
80,2024-06-28 22:51:00,126.35,126.12,126.41,126.12,510824,64073728.0,1719586260,,,,,,,,,,,8.112739357979109,87.05696426130964,0.6754285714285706,67.89403653929932,-33.23685033363369
81,2024-06-28 22:52:00,126.02,126.25,126.32,126.02,623032,78167040.0,1719586320,,,,,,,,,,,8.146419362808729,87.05696426130964,0.6754285714285706,67.89403653929932,-35.41930103558254
82,2024-06-28 22:53:00,126.231,126.122,126.33,126.11,397248,49679360.0,1719586380,,,,,,,,,,,7.0915304007421724,87.05696426130964,0.6754285714285706,67.89403653929932,-33.5578862409298
83,2024-06-28 22:54:00,126.056,125.845,126.056,125.845,566408,70894592.0,1719586440,,,,,,,,,,,3.6762631437668176,87.05696426130964,0.6754285714285706,67.89403653929932,-34.7957406424552
84,2024-06-28 22:55:00,125.712,125.83,125.83,125.635,946888,118502400.0,1719586500,,,,,,,,,,,0.6024621176477467,84.04785999888145,0.6775714285714268,67.89403653929932,-40.78610652546448
85,2024-06-28 22:56:00,125.92,125.842,125.92,125.84,656832,82138112.0,1719586560,,,,,,,,,,,-1.9117672582564893,84.04785999888145,0.6775714285714268,67.89403653929932,-45.71494482556123
86,2024-06-28 22:57:00,125.84,126.04,126.04,125.84,676776,84805632.0,1719586620,,,,,,,,,,,-2.190787833560236,84.04785999888145,0.6775714285714268,67.89403653929932,-50.63674257617599
87,2024-06-28 22:58:00,126.04,125.68,126.04,125.68,664696,83213312.0,1719586680,,,,,,,,,,,-5.680477485805753,84.04785999888145,0.6775714285714268,67.89403653929932,-50.626591818521995
88,2024-06-28 22:59:00,125.787,125.929,125.958,125.74,489832,61294592.0,1719586740,,,,,,,,,,,-6.352157319792454,84.04785999888145,0.6775714285714268,67.89403653929932,-56.02382675981217
89,2024-06-28 23:00:00,126.034,126.01,126.04,125.88,642200,80604160.0,1719586800,,,,,,,,,,,-6.078247368118227,82.06280473389884,0.6286428571428553,69.78448698782984,-55.55392042674965
90,2024-06-28 23:01:00,126.036,125.976,126.045,125.8,466872,58472448.0,1719586860,,,,,,,,,,,-5.560673206438082,82.06280473389884,0.6286428571428553,69.78448698782984,-53.72172620747887
91,2024-06-28 23:02:00,125.965,125.645,126.048,125.645,723288,90698752.0,1719586920,,,,,,,,,,,-8.47153600782164,82.06280473389884,0.6286428571428553,69.78448698782984,-52.59349386497204
92,2024-06-28 23:03:00,125.82,125.405,125.82,125.335,1395736,174464000.0,1719586980,,,,,,,,,,,-10.988613166094552,82.06280473389884,0.6286428571428553,69.78448698782984,-58.30736082173104
93,2024-06-28 23:04:00,125.27,125.454,125.5,125.27,691904,86177792.0,1719587040,,,,,,,,,,,-12.112406183581271,82.06280473389884,0.6286428571428553,69.78448698782984,-64.62501139865809
94,2024-06-28 23:05:00,125.32,125.67,125.682,125.207,1098320,137279488.0,1719587100,,,,,,,,,,,-10.610843957553243,78.86775921093792,0.6430714285714275,69.78448698782984,-67.80808301291492
95,2024-06-28 23:06:00,125.77,125.68,125.77,125.56,645144,80761856.0,1719587160,,,,,,,,,,,-9.07434651858658,78.86775921093792,0.6430714285714275,69.78448698782984,-69.23043699408545
96,2024-06-28 23:07:00,125.694,125.56,125.694,125.46,516776,64566272.0,1719587220,,,,,,,,,,,-8.647182919311007,78.86775921093792,0.6430714285714275,69.78448698782984,-70.93864225877401
97,2024-06-28 23:08:00,125.515,125.589,125.68,125.49,517048,64709632.0,1719587280,,,,,,,,,,,-7.9117874313704135,78.86775921093792,0.6430714285714275,69.78448698782984,-72.6988751226443
98,2024-06-28 23:09:00,125.42,125.39,125.48,125.3,572936,71540736.0,1719587340,,,,,,,,,,,-8.895826973697694,78.86775921093792,0.6430714285714275,69.78448698782984,-73.48457524162704
99,2024-06-28 23:10:00,125.29,125.29,125.345,125.26,554016,69149696.0,1719587400,,,,,,,,,,,-10.549394399011746,74.43682749207835,0.6335714285714269,69.78448698782984,-74.96314531426354
100,2024-06-28 23:11:00,125.375,125.46,125.59,125.375,720592,90167296.0,1719587460,,,,,,,,,,,-10.441908602528443,74.43682749207835,0.6335714285714269,69.78448698782984,-76.24453263100652
101,2024-06-28 23:12:00,125.54,125.7,125.7,125.466,511880,64080896.0,1719587520,,,,,,,,,,,-8.155174986981322,74.43682749207835,0.6335714285714269,69.78448698782984,-76.26224121427163
102,2024-06-28 23:13:00,125.54,125.469,125.58,125.469,409264,51195904.0,1719587580,,,,,,,,,,,-8.04358468111812,74.43682749207835,0.6335714285714269,69.78448698782984,-74.98907723467045
103,2024-06-28 23:14:00,125.51,125.59,125.59,125.51,308240,38522880.0,1719587640,,,,,,,,,,,-6.508686320859496,74.43682749207835,0.6335714285714269,69.78448698782984,-75.2716404817456
104,2024-06-28 23:15:00,125.47,125.44,125.5,125.43,349856,43691008.0,1719587700,,,,,,,,,,,-6.41658067141374,71.08175691839807,0.6067142857142837,69.78448698782984,-74.67446113704148
105,2024-06-28 23:16:00,125.51,125.39,125.51,125.35,509584,63611904.0,1719587760,,,,,,,,,,,-6.723273751488016,71.08175691839807,0.6067142857142837,69.78448698782984,-75.12752926394936
106,2024-06-28 23:17:00,125.47,125.38,125.49,125.38,411472,51341312.0,1719587820,,,,,,,,,,,-7.008453198433081,71.08175691839807,0.6067142857142837,69.78448698782984,-75.6712600441352
107,2024-06-28 23:18:00,125.34,125.658,125.658,125.32,655120,81837056.0,1719587880,,,,,,,,,,,-4.422930946138784,71.08175691839807,0.6067142857142837,69.78448698782984,-76.03752916924894
108,2024-06-28 23:19:00,125.34,125.469,125.48,125.295,628968,78487552.0,1719587940,,,,,,,,,,,-3.7206273318239056,71.08175691839807,0.6067142857142837,69.78448698782984,-74.35461638672173
109,2024-06-28 23:20:00,125.446,125.55,125.55,125.37,432872,53934080.0,1719588000,,,,,,,,,,,-1.8696648754081622,68.5293752840322,0.5992142857142844,69.78448698782984,-74.44625840496192
110,2024-06-28 23:21:00,125.55,125.87,125.87,125.55,758240,94912512.0,1719588060,,,,,,,,,,,5.989941043435522,68.5293752840322,0.5992142857142844,69.78448698782984,-73.74064931860835
111,2024-06-28 23:22:00,125.84,126.035,126.035,125.84,921120,115418112.0,1719588120,,,,,,,,,,,16.06476436350343,68.5293752840322,0.5992142857142844,69.78448698782984,-69.23318226333932
112,2024-06-28 23:23:00,126.09,126.186,126.19,126.07,853608,107205632.0,1719588180,,,,,,,,,,,27.469886468346786,68.5293752840322,0.5992142857142844,69.78448698782984,-59.840675673878586
113,2024-06-28 23:24:00,126.135,126.298,126.298,126.135,647496,81174528.0,1719588240,,,,,,,,,,,39.42031717568667,68.5293752840322,0.5992142857142844,69.78448698782984,-37.31162343880188
114,2024-06-28 23:25:00,126.29,126.155,126.3,126.155,572944,71843840.0,1719588300,,,,,,,,,,,47.789708571769026,68.72373346614569,0.6077857142857133,69.78448698782984,6.663249306004218
115,2024-06-28 23:26:00,126.18,125.97,126.18,125.94,615752,77113344.0,1719588360,,,,,,,,,,,52.28356292344354,68.72373346614569,0.6077857142857133,69.78448698782984,20.01800784993747
116,2024-06-28 23:27:00,125.94,125.745,125.94,125.715,662840,82993152.0,1719588420,,,,,,,,,,,52.67879326906187,68.72373346614569,0.6077857142857133,69.78448698782984,6.551208095931705
117,2024-06-28 23:28:00,125.69,125.71,125.86,125.69,3569104,449762304.0,1719588480,,,,,,,,,,,52.43229278824626,68.72373346614569,0.6077857142857133,69.78448698782984,-27.785080236970142
118,2024-06-28 23:29:00,125.75,125.863,125.875,125.72,533344,66721792.0,1719588540,,,,,,,,,,,54.59661036733766,68.72373346614569,0.6077857142857133,69.78448698782984,-45.09500510896484
119,2024-06-28 23:30:00,125.955,125.96,125.97,125.94,507136,63543296.0,1719588600,,,,,,,,,,,58.0196794695493,68.0936693176472,0.5685000000000002,71.37334150863788,-43.959163161306165
120,2024-06-28 23:31:00,125.97,126.08,126.09,125.962,673000,84537344.0,1719588660,,,,,,,,,,,62.9246006195707,68.0936693176472,0.5685000000000002,71.37334150863788,-35.44042754082658
121,2024-06-28 23:32:00,126.14,126.36,126.36,126.14,749264,94271488.0,1719588720,,,,,,,,,,,71.6804148508864,68.0936693176472,0.5685000000000002,71.37334150863788,-15.192289597947342
122,2024-06-28 23:33:00,126.34,126.137,126.34,126.137,576904,72476672.0,1719588780,,,,,,,,,,,75.87764234837584,68.0936693176472,0.5685000000000002,71.37334150863788,32.49600634588353
123,2024-06-28 23:34:00,126.095,126.21,126.275,126.08,514688,64589824.0,1719588840,,,,,,,,,,,80.69744366263028,68.0936693176472,0.5685000000000002,71.37334150863788,34.98589524071011
124,2024-06-28 23:35:00,126.26,126.125,126.36,126.125,551008,69257216.0,1719588900,,,,,,,,,,,83.58342927186374,68.20291723378617,0.5556428571428579,71.37334150863788,41.50520503470527
125,2024-06-28 23:36:00,126.06,126.1,126.13,126.06,479920,60188672.0,1719588960,,,,,,,,,,,86.28315288549993,68.20291723378617,0.5556428571428579,71.37334150863788,38.51261902494829
126,2024-06-28 23:37:00,126.105,126.14,126.14,126.03,487984,61203456.0,1719589020,,,,,,,,,,,89.25865896518175,68.20291723378617,0.5556428571428579,71.37334150863788,41.24127094994546
127,2024-06-28 23:38:00,126.126,125.952,126.126,125.952,453304,56864768.0,1719589080,,,,,,,,,,,88.69746954299139,68.20291723378617,0.5556428571428579,71.37334150863788,45.08924111084836
128,2024-06-28 23:39:00,125.975,126.105,126.107,125.926,503128,63153152.0,1719589140,,,,,,,,,,,90.63756684462,68.20291723378617,0.5556428571428579,71.37334150863788,31.754643717932773
129,2024-06-28 23:40:00,126.134,126.13,126.134,126.105,425888,53443584.0,1719589200,,,,,,,,,,,92.68530162125509,68.31663522485775,0.5290714285714293,71.37334150863788,35.97257706673187
130,2024-06-28 23:41:00,126.085,126.137,126.202,126.061,450608,56549376.0,1719589260,,,,,,,,,,,94.52898412653767,68.31663522485775,0.5290714285714293,71.37334150863788,39.86715726451285
131,2024-06-28 23:42:00,126.185,126.2,126.44,126.185,878344,110632960.0,1719589320,,,,,,,,,,,96.04971975639408,68.31663522485775,0.5290714285714293,71.37334150863788,42.03547384735461
132,2024-06-28 23:43:00,126.29,126.11,126.38,126.11,443416,55642112.0,1719589380,,,,,,,,,,,95.91052478022571,68.31663522485775,0.5290714285714293,71.37334150863788,46.85273508763532
133,2024-06-28 23:44:00,126.13,126.15,126.155,126.02,525424,65888256.0,1719589440,,,,,,,,,,,96.30848225141739,68.31663522485775,0.5290714285714293,71.37334150863788,43.32061434830022
134,2024-06-28 23:45:00,126.13,126.21,126.285,126.13,331320,41500672.0,1719589500,,,,,,,,,,,97.4970024912368,68.74114121114141,0.5289285714285715,71.37334150863788,43.12238899140569
135,2024-06-28 23:46:00,126.291,126.29,126.291,126.225,306664,38474752.0,1719589560,,,,,,,,,,,99.70052958953382,68.74114121114141,0.5289285714285715,71.37334150863788,46.271976589174635
136,2024-06-28 23:47:00,126.325,126.3,126.36,126.27,362784,45542400.0,1719589620,,,,,,,,,,,101.72230568688369,68.74114121114141,0.5289285714285715,71.37334150863788,51.66640390682143
137,2024-06-28 23:48:00,126.29,126.14,126.29,126.14,304344,38084608.0,1719589680,,,,,,,,,,,100.9454289922183,68.74114121114141,0.5289285714285715,71.37334150863788,54.308189073524055
138,2024-06-28 23:49:00,126.15,126.07,126.211,126.07,336184,42063872.0,1719589740,,,,,,,,,,,99.0713659085242,68.74114121114141,0.5289285714285715,71.37334150863788,47.665517948283906
139,2024-06-28 23:50:00,126.14,126.245,126.245,126.14,373592,46796800.0,1719589800,,,,,,,,,,,99.88629782831035,69.25795081371976,0.4889285714285724,71.37334150863788,42.18237085276374
140,2024-06-28 23:51:00,126.269,126.38,126.38,126.269,488488,61514752.0,1719589860,,,,,,,,,,,102.70969377170286,69.25795081371976,0.4889285714285724,71.37334150863788,51.03867155744397
141,2024-06-28 23:52:00,126.3,126.31,126.32,126.191,391632,49288192.0,1719589920,,,,,,,,,,,104.00083341440427,69.25795081371976,0.4889285714285724,71.37334150863788,60.30377143739995
142,2024-06-28 23:53:00,126.32,126.284,126.32,126.26,241168,30283776.0,1719589980,,,,,,,,,,,104.63772152414063,69.25795081371976,0.4889285714285724,71.37334150863788,61.938403733114214
143,2024-06-28 23:54:00,126.29,126.23,126.345,126.23,376816,47438848.0,1719590040,,,,,,,,,,,104.23857640407033,69.25795081371976,0.4889285714285724,71.37334150863788,61.53969281940166
144,2024-06-28 23:55:00,126.281,126.285,126.3,126.25,337248,42406912.0,1719590100,,,,,,,,,,,104.60697879212262,69.87666271962689,0.4524285714285717,71.37334150863788,61.48031164664758
145,2024-06-28 23:56:00,126.27,126.2,126.28,126.2,347424,43671552.0,1719590160,,,,,,,,,,,103.4285290035142,69.87666271962689,0.4524285714285717,71.37334150863788,64.76762089088864
146,2024-06-28 23:57:00,126.3,126.285,126.31,126.262,204624,25717760.0,1719590220,,,,,,,,,,,103.71230050368479,69.87666271962689,0.4524285714285717,71.37334150863788,70.42779617774616
147,2024-06-28 23:58:00,126.28,126.084,126.28,126.01,551872,69315584.0,1719590280,,,,,,,,,,,100.52795665503493,69.87666271962689,0.4524285714285717,71.37334150863788,73.9052289687877
148,2024-06-28 23:59:00,126.12,126.051,126.12,126.02,285952,35883008.0,1719590340,,,,,,,,,,,97.06270694369474,69.87666271962689,0.4524285714285717,71.37334150863788,72.16017548718975
149,2024-06-29 00:00:00,126.09,126.12,126.12,126.02,519376,65320960.0,1719590400,,,,,,,,,,,95.05782333507955,69.74627525049942,0.4508571428571427,72.99847769309238,69.75929725090724
150,2024-06-29 00:01:00,126.11,126.045,126.15,126.045,212448,26568704.0,1719590460,,,,,,,,,,,91.95728112386519,69.74627525049942,0.4508571428571427,72.99847769309238,69.05507468082244
151,2024-06-29 00:02:00,126.14,126.08,126.15,126.08,234368,29425664.0,1719590520,,,,,,,,,,,89.72296857683924,69.74627525049942,0.4508571428571427,72.99847769309238,66.20849396748488
152,2024-06-29 00:03:00,126.08,125.97,126.13,125.96,385440,48345088.0,1719590580,,,,,,,,,,,85.84656985457218,69.74627525049942,0.4508571428571427,72.99847769309238,64.60012520502826
153,2024-06-29 00:04:00,125.92,125.85,125.96,125.734,419792,52566016.0,1719590640,,,,,,,,,,,79.65709745655792,69.74627525049942,0.4508571428571427,72.99847769309238,58.83763213849806
154,2024-06-29 00:05:00,125.842,125.78,125.85,125.77,346896,43440128.0,1719590700,,,,,,,,,,,70.4763424256964,68.23206029578932,0.42521428571428693,72.99847769309238,45.52261887134288
155,2024-06-29 00:06:00,125.735,125.61,125.735,125.6,548432,68630528.0,1719590760,,,,,,,,,,,57.56919971142514,68.23206029578932,0.42521428571428693,72.99847769309238,22.880947385950865
156,2024-06-29 00:07:00,125.55,125.52,125.565,125.34,730400,91379712.0,1719590820,,,,,,,,,,,48.97483167554836,68.23206029578932,0.42521428571428693,72.99847769309238,-22.324382653301644
157,2024-06-29 00:08:00,125.585,125.48,125.585,125.475,475408,59480064.0,1719590880,,,,,,,,,,,40.64829404573783,68.23206029578932,0.42521428571428693,72.99847769309238,-49.571807933111124
158,2024-06-29 00:09:00,125.49,125.33,125.505,125.33,611712,76443648.0,1719590940,,,,,,,,,,,30.838537938919814,68.23206029578932,0.42521428571428693,72.99847769309238,-60.42821596617187
159,2024-06-29 00:10:00,125.29,125.35,125.394,125.29,677424,84578304.0,1719591000,,,,,,,,,,,23.15319167763826,65.11844149595433,0.4345000000000009,72.99847769309238,-68.56405191644596
160,2024-06-29 00:11:00,125.33,124.97,125.33,124.845,1764368,219803648.0,1719591060,,,,,,,,,,,16.87932101959339,65.11844149595433,0.4345000000000009,72.99847769309238,-71.5590156334718
161,2024-06-29 00:12:00,124.945,125.012,125.012,124.93,530960,66205696.0,1719591120,,,,,,,,,,,11.877133733925007,65.11844149595433,0.4345000000000009,72.99847769309238,-73.71969167678816
162,2024-06-29 00:13:00,125.005,124.94,125.005,124.885,528176,65828864.0,1719591180,,,,,,,,,,,6.650723932319252,65.11844149595433,0.4345000000000009,72.99847769309238,-74.48526198306423
163,2024-06-29 00:14:00,124.99,124.91,124.99,124.82,669648,83394560.0,1719591240,,,,,,,,,,,2.0183021724522945,65.11844149595433,0.4345000000000009,72.99847769309238,-75.5602966544091
164,2024-06-29 00:15:00,124.976,124.97,125.0,124.95,535232,66746368.0,1719591300,,,,,,,,,,,-1.2935118377323818,60.78909514177778,0.4122857142857147,72.99847769309238,-76.23532410730033
165,2024-06-29 00:16:00,125.129,125.04,125.129,125.005,609472,76011520.0,1719591360,,,,,,,,,,,-3.3057798633474107,60.78909514177778,0.4122857142857147,72.99847769309238,-76.13972380535051
166,2024-06-29 00:17:00,125.01,124.86,125.029,124.86,448736,55914496.0,1719591420,,,,,,,,,,,-7.107096681220341,60.78909514177778,0.4122857142857147,72.99847769309238,-75.3556722787434
167,2024-06-29 00:18:00,124.571,124.561,124.75,124.561,939728,116875264.0,1719591480,,,,,,,,,,,-10.847784251556348,60.78909514177778,0.4122857142857147,72.99847769309238,-76.46776724175263
168,2024-06-29 00:19:00,124.669,124.495,124.669,124.45,748384,92940288.0,1719591540,,,,,,,,,,,-13.625965578799764,60.78909514177778,0.4122857142857147,72.99847769309238,-77.4504840945327
169,2024-06-29 00:20:00,124.45,124.511,124.511,124.35,866144,107505664.0,1719591600,,,,,,,,,,,-14.93542526677318,55.060499015946704,0.4315000000000018,72.99847769309238,-77.76742375191053
170,2024-06-29 00:21:00,124.44,124.48,124.48,124.42,431792,53575680.0,1719591660,,,,,1.0,,,,1.0,,-16.258959616106168,55.060499015946704,0.4315000000000018,72.99847769309238,-77.21337719078166
171,2024-06-29 00:22:00,124.45,124.594,124.594,124.311,818144,101625856.0,1719591720,,,,,,,,,,,-15.960359123753747,55.060499015946704,0.4315000000000018,72.99847769309238,-76.98383437277833
172,2024-06-29 00:23:00,124.613,124.375,124.613,124.375,580928,72155136.0,1719591780,,,,,,,,,,,-17.53609982115934,55.060499015946704,0.4315000000000018,72.99847769309238,-75.44479763381362
173,2024-06-29 00:24:00,124.438,124.601,124.601,124.42,431984,53590016.0,1719591840,,,,,,,,,,,-16.788742219065398,55.060499015946704,0.4315000000000018,72.99847769309238,-76.31174017322276
174,2024-06-29 00:25:00,124.59,124.46,124.59,124.416,418960,52015104.0,1719591900,,,,,,,,,,,-17.26825038290542,49.764442735860854,0.4237857142857158,72.99847769309238,-74.53871377871278
175,2024-06-29 00:26:00,124.505,124.68,124.68,124.505,666352,82839552.0,1719591960,,,,,,,,,,,-15.603257907720533,49.764442735860854,0.4237857142857158,72.99847769309238,-74.77365368659288
176,2024-06-29 00:27:00,124.65,124.81,124.842,124.65,705264,87824384.0,1719592020,,,,,,,,,,,-12.709633735642797,49.764442735860854,0.4237857142857158,72.99847769309238,-71.60893290804249
177,2024-06-29 00:28:00,124.78,124.75,124.785,124.725,516848,64299008.0,1719592080,,,,,,,,,,,-10.579500486178901,49.764442735860854,0.4237857142857158,72.99847769309238,-64.55479394044791
178,2024-06-29 00:29:00,124.722,124.73,124.8,124.71,376160,46739456.0,1719592140,,,,,,,,,,,-8.767333272041057,49.764442735860854,0.4237857142857158,72.99847769309238,-58.971580719386374
179,2024-06-29 00:30:00,124.675,124.755,124.755,124.675,301936,37529600.0,1719592200,,,,,,,,,,,-6.828840366427286,46.279802067895446,0.42514285714285904,72.37011625153062,-54.78511484934897
180,2024-06-29 00:31:00,124.676,124.67,124.77,124.65,563392,70096896.0,1719592260,,,,,,,,,,,-5.7996061302976045,46.279802067895446,0.42514285714285904,72.37011625153062,-49.029241978849626
181,2024-06-29 00:32:00,124.57,124.59,124.635,124.567,341424,42373120.0,1719592320,,,,,,,,,,,-5.539086137910829,46.279802067895446,0.42514285714285904,72.37011625153062,-51.44245640804115
182,2024-06-29 00:33:00,124.5,124.359,124.5,124.335,639488,79370240.0,1719592380,,,,,,,,,,,-7.361313776357875,46.279802067895446,0.42514285714285904,72.37011625153062,-57.74149507568235
183,2024-06-29 00:34:00,124.28,123.78,124.28,123.78,1684304,208517120.0,1719592440,,,,,,,,,,,-9.349019018074763,46.279802067895446,0.42514285714285904,72.37011625153062,-68.97096231318608
184,2024-06-29 00:35:00,123.89,124.0,124.026,123.89,670032,82892800.0,1719592500,,,,,,,,,,,-9.421885927018245,40.119737378997854,0.44228571428571584,72.37011625153062,-73.7957322568608
185,2024-06-29 00:36:00,124.055,123.9,124.055,123.9,696176,86077440.0,1719592560,,,,,,,,,,,-10.128886162428174,40.119737378997854,0.44228571428571584,72.37011625153062,-73.34191904129017
186,2024-06-29 00:37:00,123.87,123.72,123.87,123.72,775136,95690752.0,1719592620,,,,,,,,,,,-11.573038998197518,40.119737378997854,0.44228571428571584,72.37011625153062,-74.3265002826863
187,2024-06-29 00:38:00,123.675,123.589,123.77,123.589,763152,94267392.0,1719592680,,,,,,,,,,,-12.779620850697938,40.119737378997854,0.44228571428571584,72.37011625153062,-76.25579708118157
188,2024-06-29 00:39:00,123.529,123.2,123.529,123.2,1472544,181567488.0,1719592740,,,,,,,,,,,-13.773889393984092,40.119737378997854,0.44228571428571584,72.37011625153062,-77.3255966591292
189,2024-06-29 00:40:00,123.23,123.1,123.269,123.1,1580912,194596864.0,1719592800,,,,,,,,,,,-14.578790483273437,30.99122004889871,0.47550000000000175,72.37011625153062,-77.9722056691742
190,2024-06-29 00:41:00,123.05,122.99,123.05,122.932,1797520,220968960.0,1719592860,,,,,,,,,,,-14.887017834306839,30.99122004889871,0.47550000000000175,72.37011625153062,-78.38373645282918
191,2024-06-29 00:42:00,122.959,123.36,123.36,122.95,1090624,134256640.0,1719592920,,,,,,,,,,,-12.966741858673878,30.99122004889871,0.47550000000000175,72.37011625153062,-78.26194582564828
192,2024-06-29 00:43:00,123.49,123.36,123.49,123.311,914592,112756736.0,1719592980,,,,,,,,,,,-11.080825024181301,30.99122004889871,0.47550000000000175,72.37011625153062,-74.5616180804887
193,2024-06-29 00:44:00,123.404,123.5,123.5,123.31,736768,90783744.0,1719593040,,,,,,,,,,,-8.498187570809776,30.99122004889871,0.47550000000000175,72.37011625153062,-70.02173395370998
194,2024-06-29 00:45:00,123.39,123.5,123.5,123.29,587472,72347648.0,1719593100,,,,,,,,,,,-6.132206045648552,24.652509468242755,0.4875000000000012,72.37011625153062,-58.9707178667115
195,2024-06-29 00:46:00,123.57,123.556,123.575,123.49,576240,71077888.0,1719593160,,,,,,,,,,,-3.6328976629998806,24.652509468242755,0.4875000000000012,72.37011625153062,-42.358939320390554
196,2024-06-29 00:47:00,123.402,123.23,123.402,123.141,801680,98648064.0,1719593220,,,,,,,,,,,-3.2783804323529253,24.652509468242755,0.4875000000000012,72.37011625153062,-12.281185164685061
197,2024-06-29 00:48:00,123.4,123.57,123.57,123.4,489712,60346368.0,1719593280,,,,,,,,,,,-0.6676927893880702,24.652509468242755,0.4875000000000012,72.37011625153062,-41.30072783323355
198,2024-06-29 00:49:00,123.54,123.51,123.585,123.45,428832,52801536.0,1719593340,,,,,,,,,,,1.4619502703263052,24.652509468242755,0.4875000000000012,72.37011625153062,-7.115059434853393
199,2024-06-29 00:50:00,123.55,123.54,123.58,123.54,337568,41586688.0,1719593400,,,,,,,,,,,3.758498505827845,19.237672987627406,0.503928571428572,72.37011625153062,8.677226833696759
200,2024-06-29 00:51:00,123.495,123.46,123.495,123.45,285984,35227648.0,1719593460,,,,,,,,,,,5.496840530018694,19.237672987627406,0.503928571428572,72.37011625153062,23.15558126996383
201,2024-06-29 00:52:00,123.39,123.468,123.51,123.39,460512,56717312.0,1719593520,,,,,,,,,,,7.132781183448955,19.237672987627406,0.503928571428572,72.37011625153062,17.653299439748096
202,2024-06-29 00:53:00,123.37,123.43,123.504,123.37,357584,44025856.0,1719593580,,,,,,,,,,,8.453762688960545,19.237672987627406,0.503928571428572,72.37011625153062,15.171235266907853
203,2024-06-29 00:54:00,123.481,123.6,123.62,123.42,608112,75026432.0,1719593640,,,,,,,,,,,11.139314384550147,19.237672987627406,0.503928571428572,72.37011625153062,6.14179293391577
204,2024-06-29 00:55:00,123.669,123.745,123.745,123.669,489904,60467200.0,1719593700,,,,,,,,,,,14.843791505689232,15.326691162984915,0.5007142857142861,72.37011625153062,30.095756843581313
205,2024-06-29 00:56:00,123.669,123.738,123.78,123.54,940400,116178944.0,1719593760,,,,,,,,,,,18.68739996476522,15.326691162984915,0.5007142857142861,72.37011625153062,53.50411349362322
206,2024-06-29 00:57:00,123.692,123.56,123.692,123.45,495088,61087744.0,1719593820,,,,,,,,,,,20.567231468446096,15.326691162984915,0.5007142857142861,72.37011625153062,60.5360684382645
207,2024-06-29 00:58:00,123.51,123.46,123.69,123.46,375936,46299136.0,1719593880,,,,,,,,,,,21.370532527317934,15.326691162984915,0.5007142857142861,72.37011625153062,54.41650166080449
208,2024-06-29 00:59:00,123.44,123.59,123.658,123.44,419328,51654656.0,1719593940,,,,,,,,,,,23.212964157521625,15.326691162984915,0.5007142857142861,72.37011625153062,39.31362999546696
209,2024-06-29 01:00:00,123.7,123.7,123.75,123.65,444480,54882304.0,1719594000,,,,,,,,,,,25.80472926527704,11.745528354159347,0.5042857142857144,65.92619846666103,40.804775347372114
210,2024-06-29 01:01:00,123.61,123.55,123.61,123.515,425280,52424704.0,1719594060,,,,,,,,,,,27.05466818735904,11.745528354159347,0.5042857142857144,65.92619846666103,50.699597384318054
211,2024-06-29 01:02:00,123.545,123.51,123.55,123.49,260848,32110592.0,1719594120,,,,,,,,,,,28.30543114158128,11.745528354159347,0.5042857142857144,65.92619846666103,43.35372443452304
212,2024-06-29 01:03:00,123.43,123.39,123.47,123.26,706288,86962176.0,1719594180,,,,,,,,,,,28.202981452371723,11.745528354159347,0.5042857142857144,65.92619846666103,33.48392532587508
213,2024-06-29 01:04:00,123.378,123.45,123.5,123.315,297040,36591616.0,1719594240,,,,,,,,,,,28.695312434974397,11.745528354159347,0.5042857142857144,65.92619846666103,5.561648182566598
214,2024-06-29 01:05:00,123.39,123.27,123.413,123.27,318688,39196672.0,1719594300,,,,,,,,,,,27.316140776792423,6.897182622285797,0.5222142857142862,65.92619846666103,-3.9803058149289687
215,2024-06-29 01:06:00,123.27,123.44,123.44,123.21,454896,55957504.0,1719594360,,,,,,,,,,,27.772963276290582,6.897182622285797,0.5222142857142862,65.92619846666103,-36.44076119098159
216,2024-06-29 01:07:00,123.51,123.63,123.63,123.46,456112,56211456.0,1719594420,,,,,,,,,,,30.066784593461982,6.897182622285797,0.5222142857142862,65.92619846666103,-31.76597639745157
217,2024-06-29 01:08:00,123.7,123.89,123.89,123.7,792128,97937408.0,1719594480,,,,,,,,,,,34.69526019491118,6.897182622285797,0.5222142857142862,65.92619846666103,4.067642354538495
218,2024-06-29 01:09:00,123.972,123.872,123.972,123.84,749280,92643328.0,1719594540,,,,,,,,,,,38.615791152877996,6.897182622285797,0.5222142857142862,65.92619846666103,53.14191043857466
219,2024-06-29 01:10:00,123.89,124.03,124.03,123.89,634160,78428160.0,1719594600,,,,,,,,,,,43.65903445322115,5.76667933423461,0.5593571428571441,65.92619846666103,63.706285669786
220,2024-06-29 01:11:00,123.98,123.965,124.022,123.956,452304,56014848.0,1719594660,,,,,,,,,,,47.46333883044237,5.76667933423461,0.5593571428571441,65.92619846666103,70.80530332747826
221,2024-06-29 01:12:00,123.99,124.05,124.05,123.951,354528,43874304.0,1719594720,,,,,,,,,,,51.908745934228875,5.76667933423461,0.5593571428571441,65.92619846666103,72.26264636211786
222,2024-06-29 01:13:00,124.056,123.98,124.056,123.98,478784,59209728.0,1719594780,,,,,,,,,,,55.10032926682474,5.76667933423461,0.5593571428571441,65.92619846666103,73.75408237628581
223,2024-06-29 01:14:00,123.969,124.09,124.09,123.955,361600,44691456.0,1719594840,,,,,,,,,,,59.20376685527404,5.76667933423461,0.5593571428571441,65.92619846666103,73.17046045488186
224,2024-06-29 01:15:00,123.98,123.98,123.98,123.896,489520,60551168.0,1719594900,,,,,,,,,,,61.651448298590914,4.656733417602425,0.5435000000000006,65.92619846666103,73.92769230705952
225,2024-06-29 01:16:00,123.91,124.027,124.027,123.91,357168,44218368.0,1719594960,,,,,,,,,,,65.15431034046395,4.656733417602425,0.5435000000000006,65.92619846666103,72.47445785697789
226,2024-06-29 01:17:00,124.022,123.976,124.022,123.93,382832,47286272.0,1719595020,,,,,,,,,,,68.63825867288105,4.656733417602425,0.5435000000000006,65.92619846666103,71.69304198804323
227,2024-06-29 01:18:00,123.97,123.893,123.983,123.881,247856,30629888.0,1719595080,,,,,,,,,,,72.5639986466183,4.656733417602425,0.5435000000000006,65.92619846666103,70.00863357895035
228,2024-06-29 01:19:00,123.878,123.98,124.03,123.878,224864,27791360.0,1719595140,,,,,,,,,,,79.64935206591682,4.656733417602425,0.5435000000000006,65.92619846666103,67.42586425601696
229,2024-06-29 01:20:00,123.955,123.97,123.97,123.89,253904,31375360.0,1719595200,,,,,,,,,,,85.70467559375788,3.727615198787632,0.519357142857144,65.92619846666103,67.03321136201578
230,2024-06-29 01:21:00,123.97,124.01,124.01,123.92,460048,56885248.0,1719595260,,,,,,,,,,,91.65715556355059,3.727615198787632,0.519357142857144,65.92619846666103,66.00842945823875
231,2024-06-29 01:22:00,123.99,124.06,124.06,123.97,226768,28047360.0,1719595320,,,,,,,,,,,97.67397954221612,3.727615198787632,0.519357142857144,65.92619846666103,65.74010894539612
232,2024-06-29 01:23:00,124.075,124.051,124.075,123.98,353408,43751424.0,1719595380,,,,,,,,,,,102.7655935759136,3.727615198787632,0.519357142857144,65.92619846666103,66.3150990944181
233,2024-06-29 01:24:00,124.05,124.19,124.19,124.03,365728,45291520.0,1719595440,,,,,,,,,,,107.81733372805074,3.727615198787632,0.519357142857144,65.92619846666103,67.22063879198713
234,2024-06-29 01:25:00,124.163,124.26,124.26,124.163,476544,59039744.0,1719595500,,,,,,,,,,,112.18321699956556,4.179578847589212,0.5057857142857155,65.92619846666103,70.4944252962064
235,2024-06-29 01:26:00,124.236,124.36,124.378,124.236,644608,79988736.0,1719595560,,,,,,,,,,,115.69134243754364,4.179578847589212,0.5057857142857155,65.92619846666103,73.150547652314
236,2024-06-29 01:27:00,124.35,124.315,124.35,124.27,405984,50311168.0,1719595620,,,,,,,,,,,117.93954174909496,4.179578847589212,0.5057857142857155,65.92619846666103,75.6821817853992
237,2024-06-29 01:28:00,124.318,124.45,124.47,124.318,425264,52756480.0,1719595680,,,,,,,,,,,120.48132762791607,4.179578847589212,0.5057857142857155,65.92619846666103,76.0709721626613
238,2024-06-29 01:29:00,124.371,124.278,124.44,124.278,437120,54216704.0,1719595740,,,,,,,,,,,120.12441723059595,4.179578847589212,0.5057857142857155,65.92619846666103,77.18974233827181
239,2024-06-29 01:30:00,124.18,124.004,124.26,124.004,631216,78252032.0,1719595800,,,,,,,,,,,115.71971930087436,3.6389573841766207,0.4834285714285715,60.02486739749082,76.59014202737639
240,2024-06-29 01:31:00,124.095,124.041,124.095,123.97,569408,70465536.0,1719595860,,,,,,,,,,,112.18909529794314,3.6389573841766207,0.4834285714285715,60.02486739749082,73.46557875919859
241,2024-06-29 01:32:00,124.075,124.24,124.252,124.075,410688,50810880.0,1719595920,,,,,,,,,,,111.5964027329736,3.6389573841766207,0.4834285714285715,60.02486739749082,72.24237768010691
242,2024-06-29 01:33:00,124.329,124.48,124.498,124.329,667664,82894848.0,1719595980,,,,,,,,,,,114.1688887485194,3.6389573841766207,0.4834285714285715,60.02486739749082,73.52784865066472
243,2024-06-29 01:34:00,124.47,124.384,124.47,124.342,443664,55091200.0,1719596040,,,,,,,,,,,114.91619523901079,3.6389573841766207,0.4834285714285715,60.02486739749082,75.97176591678645
244,2024-06-29 01:35:00,124.312,124.25,124.312,124.22,304992,37773312.0,1719596100,,,,,,,,,,,113.47328278022444,4.253966711764818,0.49957142857142955,60.02486739749082,75.97961252041938
245,2024-06-29 01:36:00,124.33,124.375,124.4,124.27,353200,43767808.0,1719596160,,,,,,,,,,,113.92561558693039,4.253966711764818,0.49957142857142955,60.02486739749082,74.40398169761
246,2024-06-29 01:37:00,124.42,124.328,124.42,124.328,198912,24637440.0,1719596220,,,,,,,,,,,113.51793553003375,4.253966711764818,0.49957142857142955,60.02486739749082,74.6664795350346
247,2024-06-29 01:38:00,124.286,124.157,124.325,124.157,330816,40984576.0,1719596280,,,,,,,,,,,110.50679296286273,4.253966711764818,0.49957142857142955,60.02486739749082,75.12391330009855
248,2024-06-29 01:39:00,124.085,124.09,124.095,124.015,339440,42045440.0,1719596340,,,,,,,,,,,106.72525511561183,4.253966711764818,0.49957142857142955,60.02486739749082,73.2607435864153
249,2024-06-29 01:40:00,124.079,124.34,124.34,124.079,440544,54583296.0,1719596400,,,,,,,,,,,106.9698935039772,5.261601519300854,0.5012142857142864,60.02486739749082,70.52982486538964
250,2024-06-29 01:41:00,124.254,124.25,124.27,124.169,199760,24719360.0,1719596460,,,,,,,,,,,105.76209933224816,5.261601519300854,0.5012142857142864,60.02486739749082,71.55875315420113
251,2024-06-29 01:42:00,124.205,124.1,124.21,124.095,287104,35528704.0,1719596520,,,,,,,,,,,102.37311794161803,5.261601519300854,0.5012142857142864,60.02486739749082,70.51002540411683
252,2024-06-29 01:43:00,124.12,124.1,124.15,124.005,427664,52948992.0,1719596580,,,,,,,,,,,99.27305531218188,5.261601519300854,0.5012142857142864,60.02486739749082,66.89040717812492
253,2024-06-29 01:44:00,124.15,124.115,124.21,124.115,254000,31432704.0,1719596640,,,,,,,,,,,96.66101836974579,5.261601519300854,0.5012142857142864,60.02486739749082,63.434376761042394
254,2024-06-29 01:45:00,124.01,123.98,124.01,123.932,332448,41134080.0,1719596700,,,,,,,,,,,92.26521818443072,4.784726431007925,0.4596428571428583,60.02486739749082,60.61736778013013
255,2024-06-29 01:46:00,123.97,123.825,123.99,123.813,540832,66914304.0,1719596760,,,,,,,,,,,85.99175867371997,4.784726431007925,0.4596428571428583,60.02486739749082,53.32290488174735
256,2024-06-29 01:47:00,123.949,123.89,123.98,123.89,383504,47429632.0,1719596820,,,,,,,,,,,81.32136636270667,4.784726431007925,0.4596428571428583,60.02486739749082,37.22909794182274
257,2024-06-29 01:48:00,123.95,123.976,123.976,123.92,332592,41166848.0,1719596880,,,,,,,,,,,78.40220446482584,4.784726431007925,0.4596428571428583,60.02486739749082,28.72293307045935
258,2024-06-29 01:49:00,123.95,123.96,124.0,123.935,342544,42330112.0,1719596940,,,,,,,,,,,75.53775097225534,4.784726431007925,0.4596428571428583,60.02486739749082,29.64110936033296
259,2024-06-29 01:50:00,123.97,123.975,123.975,123.874,242464,29972480.0,1719597000,,,,,,,,,,,73.18813682958901,4.42685401146889,0.4047857142857144,60.02486739749082,29.788117162107266
260,2024-06-29 01:51:00,123.927,123.94,124.04,123.92,446624,55302144.0,1719597060,,,,,,,,,,,68.56663274147749,4.42685401146889,0.4047857142857144,60.02486739749082,30.62205549623456
261,2024-06-29 01:52:00,123.95,123.98,123.98,123.91,216960,26808320.0,1719597120,,,,,,,,,,,62.3097170260167,4.42685401146889,0.4047857142857144,60.02486739749082,34.11495329798556
262,2024-06-29 01:53:00,123.98,123.956,123.98,123.956,180496,22331392.0,1719597180,,,,,,,,,,,54.02222736287888,4.42685401146889,0.4047857142857144,60.02486739749082,44.45845125099322
263,2024-06-29 01:54:00,123.969,124.05,124.104,123.969,372752,46166016.0,1719597240,,,,,,,,,,,49.278132712974696,4.42685401146889,0.4047857142857144,60.02486739749082,47.675149944410975
264,2024-06-29 01:55:00,124.18,124.03,124.27,124.03,541280,67080192.0,1719597300,,,,,,,,,,,44.522267872069506,4.417839161616229,0.3899285714285717,60.02486739749082,53.45522218810958
265,2024-06-29 01:56:00,123.97,124.028,124.028,123.938,265360,32831488.0,1719597360,,,,,,,,,,,40.26650036496636,4.417839161616229,0.3899285714285717,60.02486739749082,55.01963323620019
266,2024-06-29 01:57:00,124.07,124.1,124.184,124.07,389360,48183296.0,1719597420,,,,,,,,,,,38.5285480648611,4.417839161616229,0.3899285714285717,60.02486739749082,55.24279840086767
267,2024-06-29 01:58:00,124.12,124.19,124.19,124.08,154272,19066880.0,1719597480,,,,,,,,,,,39.54052190923062,4.417839161616229,0.3899285714285717,60.02486739749082,57.42194087906937
268,2024-06-29 01:59:00,124.172,124.18,124.21,124.16,237184,29349888.0,1719597540,,,,,,,,,,,40.2119402439412,4.417839161616229,0.3899285714285717,60.02486739749082,60.77348941625932
269,2024-06-29 02:00:00,124.205,124.18,124.205,124.14,160880,19879936.0,1719597600,,,,,,,,,,,40.85621889147495,5.104414106751847,0.37764285714285756,53.96358319799934,61.71075791499661
270,2024-06-29 02:01:00,124.258,124.21,124.26,124.21,275792,34197504.0,1719597660,,,,,,,,,,,42.31097536367068,5.104414106751847,0.37764285714285756,53.96358319799934,61.677224924465456
271,2024-06-29 02:02:00,124.197,124.18,124.197,124.134,226928,28065792.0,1719597720,,,,,,,,,,,42.81078127337345,5.104414106751847,0.37764285714285756,53.96358319799934,61.74379880494978
272,2024-06-29 02:03:00,124.15,124.17,124.17,124.019,354048,43831296.0,1719597780,,,,,,,,,,,43.01502170331287,5.104414106751847,0.37764285714285756,53.96358319799934,59.1649975699609
273,2024-06-29 02:04:00,124.161,124.31,124.31,124.135,295056,36536320.0,1719597840,,,,,,,,,,,47.13931062630978,5.104414106751847,0.37764285714285756,53.96358319799934,56.36402469344602
274,2024-06-29 02:05:00,124.409,124.282,124.42,124.282,569328,70649856.0,1719597900,,,,,,,,,,,50.063797912749465,6.500674945355129,0.37950000000000017,53.96358319799934,58.96625786422053
275,2024-06-29 02:06:00,124.28,124.221,124.28,124.07,471664,58447872.0,1719597960,,,,,,,,,,,50.99127860379369,6.500674945355129,0.37950000000000017,53.96358319799934,58.94015662066452
276,2024-06-29 02:07:00,124.29,124.272,124.29,124.26,246288,30509056.0,1719598020,,,,,,,,,,,53.260180675073485,6.500674945355129,0.37950000000000017,53.96358319799934,56.22373349406478
277,2024-06-29 02:08:00,124.298,124.29,124.298,124.251,176032,21823488.0,1719598080,,,,,,,,,,,55.79993456527697,6.500674945355129,0.37950000000000017,53.96358319799934,55.22231079136261
278,2024-06-29 02:09:00,124.297,124.295,124.297,124.22,311120,38563840.0,1719598140,,,,,,,,,,,58.213328901831616,6.500674945355129,0.37950000000000017,53.96358319799934,54.69113689628783
279,2024-06-29 02:10:00,124.28,124.29,124.297,124.27,152224,18847744.0,1719598200,,,,,,,,,,,60.23017362739911,7.856739292442796,0.37150000000000055,53.96358319799934,53.940597577942256
280,2024-06-29 02:11:00,124.29,124.286,124.336,124.25,262480,32516096.0,1719598260,,,,,,,,,,,61.917271138639364,7.856739292442796,0.37150000000000055,53.96358319799934,52.6233026664932
281,2024-06-29 02:12:00,124.27,124.345,124.345,124.27,277904,34455552.0,1719598320,,,,,,,,,,,65.06469291401086,7.856739292442796,0.37150000000000055,53.96358319799934,50.954291438233376
282,2024-06-29 02:13:00,124.338,124.303,124.36,124.303,252240,31256576.0,1719598380,,,,,,,,,,,66.69066879667285,7.856739292442796,0.37150000000000055,53.96358319799934,51.939078604334114
283,2024-06-29 02:14:00,124.35,124.4,124.41,124.33,236208,29272064.0,1719598440,,,,,,,,,,,70.83484017627062,7.856739292442796,0.37150000000000055,53.96358319799934,50.034525518187884
284,2024-06-29 02:15:00,124.352,124.515,124.515,124.352,431824,53622784.0,1719598500,,,,,,,,,,,77.2450564546424,10.476472262166425,0.35900000000000076,53.96358319799934,52.53303126063112
285,2024-06-29 02:16:00,124.53,124.43,124.578,124.39,606256,75286528.0,1719598560,,,,,,,,,,,79.23288716250744,10.476472262166425,0.35900000000000076,53.96358319799934,56.86336043753134
286,2024-06-29 02:17:00,124.43,124.365,124.44,124.365,230992,28643328.0,1719598620,,,,,,,,,,,79.3470029368454,10.476472262166425,0.35900000000000076,53.96358319799934,53.88310161467891
287,2024-06-29 02:18:00,124.31,124.27,124.36,124.264,364128,45139968.0,1719598680,,,,,,,,,,,77.04117904117396,10.476472262166425,0.35900000000000076,53.96358319799934,48.441082555922364
288,2024-06-29 02:19:00,124.26,124.34,124.37,124.26,202080,25022464.0,1719598740,,,,,,,,,,,76.70437882689106,10.476472262166425,0.35900000000000076,53.96358319799934,38.34126433187283
289,2024-06-29 02:20:00,124.32,124.25,124.32,124.25,281904,34936832.0,1719598800,,,,,,,,,,,74.1278868940971,12.138867435895449,0.3238571428571433,53.96358319799934,34.537761880814955
290,2024-06-29 02:21:00,124.25,124.29,124.29,124.22,299808,37154816.0,1719598860,,,,,,,,,,,72.80717791006174,12.138867435895449,0.3238571428571433,53.96358319799934,24.562030725749544
291,2024-06-29 02:22:00,124.22,124.26,124.275,124.22,263248,32614400.0,1719598920,,,,,,,,,,,70.8607750274621,12.138867435895449,0.3238571428571433,53.96358319799934,20.440527833731394
292,2024-06-29 02:23:00,124.268,123.955,124.31,123.938,818144,101373952.0,1719598980,,,,,,,,,,,61.49053746108285,12.138867435895449,0.3238571428571433,53.96358319799934,14.688639354213498
293,2024-06-29 02:24:00,123.91,123.94,124.016,123.87,598880,74043392.0,1719599040,,,,,,,,,,,52.76249864126797,12.138867435895449,0.3238571428571433,53.96358319799934,-18.169437906428477
294,2024-06-29 02:25:00,123.94,124.0,124.02,123.91,362032,44771328.0,1719599100,,,,,,,,,,,46.49760131604731,13.087959840395484,0.3414285714285715,53.96358319799934,-35.85189421567645
295,2024-06-29 02:26:00,124.095,124.01,124.095,124.0,399616,49483776.0,1719599160,,,,,,,,,,,41.19198406143384,13.087959840395484,0.3414285714285715,53.96358319799934,-40.78360794669853
296,2024-06-29 02:27:00,124.078,124.09,124.09,124.02,201296,24891392.0,1719599220,,,,,,,,,,,38.50012570870332,13.087959840395484,0.3414285714285715,53.96358319799934,-48.81052677239543
297,2024-06-29 02:28:00,124.115,123.9,124.115,123.9,480896,59506688.0,1719599280,,,,,,,,,,,31.39848540325343,13.087959840395484,0.3414285714285715,53.96358319799934,-54.917774940121475
298,2024-06-29 02:29:00,123.932,123.923,123.98,123.92,261936,32376832.0,1719599340,,,,,,,,,,,25.697745889919148,13.087959840395484,0.3414285714285715,53.96358319799934,-67.30464959452966
299,2024-06-29 02:30:00,123.93,123.99,123.99,123.93,206144,25501696.0,1719599400,,,,,,,,,,,22.355246786156414,13.937387185203718,0.34592857142857064,47.00120892956929,-71.24292618280428
300,2024-06-29 02:31:00,123.962,123.982,124.05,123.93,416304,51529728.0,1719599460,,,,,,,,,,,18.048474393687826,13.937387185203718,0.34592857142857064,47.00120892956929,-72.0072826903479
301,2024-06-29 02:32:00,124.048,123.915,124.07,123.915,406720,50337792.0,1719599520,,,,,,,,,,,12.478351912653423,13.937387185203718,0.34592857142857064,47.00120892956929,-72.53303695481274
302,2024-06-29 02:33:00,124.045,123.998,124.045,123.93,294864,36468736.0,1719599580,,,,,,,,,,,9.839372442456664,13.937387185203718,0.34592857142857064,47.00120892956929,-73.89786091611127
303,2024-06-29 02:34:00,124.066,124.15,124.18,124.066,456320,56543232.0,1719599640,,,,,,,,,,,11.680099505799276,13.937387185203718,0.34592857142857064,47.00120892956929,-73.32356898577589
304,2024-06-29 02:35:00,124.105,124.137,124.16,124.1,236992,29267968.0,1719599700,,,,,,,,,,,13.05652450690286,15.550267847017295,0.3405714285714276,47.00120892956929,-69.31971667084824
305,2024-06-29 02:36:00,124.13,124.13,124.16,124.11,218416,27047936.0,1719599760,,,,,,,,,,,14.176171243891133,15.550267847017295,0.3405714285714276,47.00120892956929,-65.58269831638427
306,2024-06-29 02:37:00,124.145,124.35,124.39,124.145,693632,86038528.0,1719599820,,,,,,,,,,,21.190197666726732,15.550267847017295,0.3405714285714276,47.00120892956929,-62.31581838182788
307,2024-06-29 02:38:00,124.335,124.36,124.36,124.28,305968,37935104.0,1719599880,,,,,,,,,,,27.777264576306322,15.550267847017295,0.3405714285714276,47.00120892956929,-38.19578347344548
308,2024-06-29 02:39:00,124.33,124.275,124.34,124.275,270896,33587200.0,1719599940,,,,,,,,,,,31.405059915845186,15.550267847017295,0.3405714285714276,47.00120892956929,-0.10831076187201569
309,2024-06-29 02:40:00,124.325,124.228,124.325,124.228,255776,31629312.0,1719600000,,,,,,,,,,,33.41125653390334,17.534576463860674,0.32728571428571385,47.00120892956929,8.399859398220343
310,2024-06-29 02:41:00,124.225,124.287,124.323,124.225,291312,36104192.0,1719600060,,,,,,,,,,,36.827708025860275,17.534576463860674,0.32728571428571385,47.00120892956929,2.624743017205687
311,2024-06-29 02:42:00,124.375,124.218,124.375,124.218,375088,46460928.0,1719600120,,,,,,,,,,,38.03938488307031,17.534576463860674,0.32728571428571385,47.00120892956929,12.596409294223843
312,2024-06-29 02:43:00,124.292,124.14,124.292,124.14,330544,40916992.0,1719600180,,,,,,,,,,,37.038820473930926,17.534576463860674,0.32728571428571385,47.00120892956929,2.7438244975360164
313,2024-06-29 02:44:00,124.158,124.24,124.24,124.04,396672,49115136.0,1719600240,,,,,,,,,,,38.8714017242572,17.534576463860674,0.32728571428571385,47.00120892956929,-20.970418449343548
314,2024-06-29 02:45:00,124.15,124.109,124.16,124.06,284304,35194880.0,1719600300,,,,,,,,,,,36.991192575007375,18.70109846161884,0.31349999999999867,47.00120892956929,-13.481625604226375
315,2024-06-29 02:46:00,124.17,124.16,124.22,124.13,311440,38529024.0,1719600360,,,,,,,,,,,36.71559541514425,18.70109846161884,0.31349999999999867,47.00120892956929,-34.40415671284388
316,2024-06-29 02:47:00,124.09,124.18,124.18,124.09,240800,29782016.0,1719600420,,,,,,,,,,,37.034247591956756,18.70109846161884,0.31349999999999867,47.00120892956929,-36.80520879977009
317,2024-06-29 02:48:00,124.18,124.03,124.18,124.03,375408,46505984.0,1719600480,,,,,,,,,,,33.292869550379805,18.70109846161884,0.31349999999999867,47.00120892956929,-34.77161729306769
318,2024-06-29 02:49:00,124.051,124.08,124.132,124.03,310128,38375424.0,1719600540,,,,,,,,,,,31.335839420340676,18.70109846161884,0.31349999999999867,47.00120892956929,-52.02829991376847
319,2024-06-29 02:50:00,124.06,124.14,124.141,124.06,356608,44130304.0,1719600600,,,,,,,,,,,31.243190761239205,19.952156036116833,0.2981428571428556,47.00120892956929,-55.11055793567608
320,2024-06-29 02:51:00,124.16,124.242,124.242,124.15,353264,43698176.0,1719600660,,,,,,,,,,,33.946412053234596,19.952156036116833,0.2981428571428556,47.00120892956929,-51.489358303406
321,2024-06-29 02:52:00,124.26,124.125,124.285,124.125,360560,44648448.0,1719600720,,,,,,,,,,,33.22567478087994,19.952156036116833,0.2981428571428556,47.00120892956929,-34.06260216165757
322,2024-06-29 02:53:00,124.21,124.208,124.236,124.18,156000,19312640.0,1719600780,,,,,,,,,,,34.85066506615945,19.952156036116833,0.2981428571428556,47.00120892956929,-38.87545057783821
323,2024-06-29 02:54:00,124.26,124.27,124.3,124.25,327088,40540160.0,1719600840,,,,,,,,,,,37.99707047131207,19.952156036116833,0.2981428571428556,47.00120892956929,-26.966747046755867
324,2024-06-29 02:55:00,124.29,124.26,124.29,124.18,206480,25554944.0,1719600900,,,,,,,,,,,40.5502309193257,21.76008076816771,0.28149999999999814,47.00120892956929,-1.8318648152659012
325,2024-06-29 02:56:00,124.22,124.16,124.22,124.125,230128,28497920.0,1719600960,,,,,,,,,,,40.13960571881742,21.76008076816771,0.28149999999999814,47.00120892956929,12.772049364568025
326,2024-06-29 02:57:00,124.125,124.14,124.155,124.11,241568,29878272.0,1719601020,,,,,,,,,,,39.245691853952195,21.76008076816771,0.28149999999999814,47.00120892956929,-3.5189046436951386
327,2024-06-29 02:58:00,124.15,124.24,124.24,124.15,215392,26650624.0,1719601080,,,,,,,,,,,41.16136926115719,21.76008076816771,0.28149999999999814,47.00120892956929,-18.347598749997847
328,2024-06-29 02:59:00,124.19,124.189,124.28,124.188,289904,35883008.0,1719601140,,,,,,,,,,,41.50281604713403,21.76008076816771,0.28149999999999814,47.00120892956929,-2.8399966777202073
329,2024-06-29 03:00:00,124.23,124.25,124.25,124.176,209568,25927680.0,1719601200,,,,,,,,,,,43.46262705677056,23.35204431666895,0.28028571428571275,41.53937240681091,-5.635641527074186
330,2024-06-29 03:01:00,124.32,124.066,124.35,124.066,507696,62939136.0,1719601260,,,,,,,,,,,41.52938054087937,23.35204431666895,0.28028571428571275,41.53937240681091,8.301810483627118
331,2024-06-29 03:02:00,124.179,124.266,124.266,124.134,344304,42629120.0,1719601320,,,,,,,,,,,47.79586569929748,23.35204431666895,0.28028571428571275,41.53937240681091,-27.8216563641847
332,2024-06-29 03:03:00,124.25,124.18,124.25,124.17,333184,41234432.0,1719601380,,,,,,,,,,,50.220022256411525,23.35204431666895,0.28028571428571275,41.53937240681091,-2.6961718668045482
333,2024-06-29 03:04:00,124.29,124.19,124.29,124.154,377584,46821376.0,1719601440,,,,,,,,,,,52.74101050194734,23.35204431666895,0.28028571428571275,41.53937240681091,-7.335540665399733
334,2024-06-29 03:05:00,124.18,124.085,124.191,124.085,345728,42827776.0,1719601500,,,,,,,,,,,51.11719679702409,23.903120234131237,0.27485714285714075,41.53937240681091,-7.580892379358537
335,2024-06-29 03:06:00,124.08,124.1,124.152,124.006,410864,50845696.0,1719601560,,,,,,,,,,,50.210529830013556,23.903120234131237,0.27485714285714075,41.53937240681091,-31.317892042326065
336,2024-06-29 03:07:00,124.14,124.248,124.261,124.14,351344,43520000.0,1719601620,,,,,,,,,,,54.83346168651552,23.903120234131237,0.27485714285714075,41.53937240681091,-45.291236309450795
337,2024-06-29 03:08:00,124.29,124.13,124.29,124.13,267760,33146880.0,1719601680,,,,,,,,,,,54.60316950478601,23.903120234131237,0.27485714285714075,41.53937240681091,-27.543378005939342
338,2024-06-29 03:09:00,124.178,124.05,124.178,124.05,219760,27209728.0,1719601740,,,,,,,,,,,50.67688547584591,23.903120234131237,0.27485714285714075,41.53937240681091,-38.21669434035951
339,2024-06-29 03:10:00,124.09,124.11,124.11,124.01,492848,61044736.0,1719601800,,,,,,,,,,,49.50761570693376,24.55920793289772,0.27571428571428463,41.53937240681091,-53.467288914911826
340,2024-06-29 03:11:00,124.03,124.102,124.13,124.02,325424,40304640.0,1719601860,,,,,,,,,,,48.147476021648544,24.55920793289772,0.27571428571428463,41.53937240681091,-54.351193349576455
341,2024-06-29 03:12:00,124.058,124.115,124.115,124.052,211488,26157056.0,1719601920,,,,,,,,,,,47.438903879921156,24.55920793289772,0.27571428571428463,41.53937240681091,-55.356285008183406
342,2024-06-29 03:13:00,124.13,124.09,124.14,124.084,272976,33806336.0,1719601980,,,,,,,,,,,45.46127872347775,24.55920793289772,0.27571428571428463,41.53937240681091,-54.3801541738127
343,2024-06-29 03:14:00,124.1,124.065,124.11,124.065,160144,19818496.0,1719602040,,,,,,,,,,,42.69439208526899,24.55920793289772,0.27571428571428463,41.53937240681091,-55.90381158726892
344,2024-06-29 03:15:00,124.02,124.129,124.129,123.983,469552,58142720.0,1719602100,,,,,,,,,,,42.80969517525537,25.274336788132615,0.25828571428571323,41.53937240681091,-58.74579831095941
345,2024-06-29 03:16:00,124.18,123.965,124.18,123.965,401920,49735680.0,1719602160,,,,,,,,,,,36.321743011227056,25.274336788132615,0.25828571428571323,41.53937240681091,-54.25859395247349
346,2024-06-29 03:17:00,124.05,124.075,124.095,124.05,453088,56064000.0,1719602220,,,,,,,,,,,34.56782813251607,25.274336788132615,0.25828571428571323,41.53937240681091,-64.6952196231211
347,2024-06-29 03:18:00,124.103,124.22,124.22,124.103,561696,69568512.0,1719602280,,,,,,,,,,,38.468947297679875,25.274336788132615,0.25828571428571323,41.53937240681091,-62.87735449529488
348,2024-06-29 03:19:00,124.274,124.245,124.274,124.22,380640,47198208.0,1719602340,,,,,,,,,,,43.08713212232465,25.274336788132615,0.25828571428571323,41.53937240681091,-44.426512108017334
349,2024-06-29 03:20:00,124.21,124.23,124.247,124.161,271120,33581056.0,1719602400,,,,,,,,,,,46.53688652484405,26.486850842716905,0.26407142857142674,41.53937240681091,-10.266508232232269
350,2024-06-29 03:21:00,124.219,124.14,124.297,124.14,411584,51009536.0,1719602460,,,,,,,,,,,45.56524066818302,26.486850842716905,0.26407142857142674,41.53937240681091,13.785249014897135
351,2024-06-29 03:22:00,124.209,124.14,124.209,124.06,330112,40865792.0,1719602520,,,,,,,,,,,44.98722404764486,26.486850842716905,0.26407142857142674,41.53937240681091,-1.0273137006044
352,2024-06-29 03:23:00,124.17,124.016,124.18,124.016,290096,35905536.0,1719602580,,,,,,,,,,,38.69352022665882,26.486850842716905,0.26407142857142674,41.53937240681091,-10.401127549486581
353,2024-06-29 03:24:00,124.0,124.08,124.11,124.0,426512,52758528.0,1719602640,,,,,,,,,,,36.07751608197157,26.486850842716905,0.26407142857142674,41.53937240681091,-45.381722987325865
354,2024-06-29 03:25:00,124.065,124.13,124.16,124.06,266320,32980992.0,1719602700,,,,,,,,,,,36.09362584174731,27.045028963489884,0.2663571428571408,41.53937240681091,-49.12709755813089
355,2024-06-29 03:26:00,124.152,124.17,124.186,124.141,258448,31991808.0,1719602760,,,,,,,,,,,37.990603551237726,27.045028963489884,0.2663571428571408,41.53937240681091,-43.00610773418984
356,2024-06-29 03:27:00,124.12,124.14,124.2,124.084,301344,37308416.0,1719602820,,,,,,,,,,,38.827770138145965,27.045028963489884,0.2663571428571408,41.53937240681091,-28.01526204687571
357,2024-06-29 03:28:00,124.14,124.11,124.14,124.055,235488,29112320.0,1719602880,,,,,,,,,,,38.09731009941464,27.045028963489884,0.2663571428571408,41.53937240681091,-24.14194421627163
358,2024-06-29 03:29:00,124.09,124.01,124.108,124.01,249616,30853120.0,1719602940,,,,,,,,,,,32.49514006869693,27.045028963489884,0.2663571428571408,41.53937240681091,-29.71805275489475
359,2024-06-29 03:30:00,123.96,123.899,123.96,123.87,467808,57837568.0,1719603000,,,,,,,,,,,26.44341611166645,26.3960592195117,0.26649999999999757,35.72239098977788,-51.46851585722303
360,2024-06-29 03:31:00,123.895,123.478,123.895,123.478,1268720,156643328.0,1719603060,,,,,,,,,,,19.926388059712636,26.3960592195117,0.26649999999999757,35.72239098977788,-67.18276824281303
361,2024-06-29 03:32:00,123.305,123.17,123.305,123.17,1114656,137349120.0,1719603120,,,,,,,,,,,14.160770787523035,26.3960592195117,0.26649999999999757,35.72239098977788,-73.10352934172417
362,2024-06-29 03:33:00,123.15,123.04,123.15,123.04,642576,78979072.0,1719603180,,,,,,,,,,,9.07534076024885,26.3960592195117,0.26649999999999757,35.72239098977788,-75.63404291294572
363,2024-06-29 03:34:00,122.92,122.868,123.01,122.78,1751136,215246848.0,1719603240,,,,,,,,,,,5.676227347689974,26.3960592195117,0.26649999999999757,35.72239098977788,-76.96800785956107
364,2024-06-29 03:35:00,122.87,123.18,123.22,122.86,1133920,139579392.0,1719603300,,,,,,,,,,,6.512782602471475,22.601763293822756,0.3149999999999977,35.72239098977788,-77.07534018346078
365,2024-06-29 03:36:00,123.23,123.35,123.37,123.23,981648,120891392.0,1719603360,,,,,1.0,,,,,,9.39515971306011,22.601763293822756,0.3149999999999977,35.72239098977788,-73.83571755099571
366,2024-06-29 03:37:00,123.37,123.531,123.571,123.37,795392,98074624.0,1719603420,,,,,,,,,,,14.228888470939452,22.601763293822756,0.3149999999999977,35.72239098977788,-64.76576594700879
367,2024-06-29 03:38:00,123.55,123.676,123.676,123.55,803584,99241984.0,1719603480,,,,,,,,,,,20.35400003067123,22.601763293822756,0.3149999999999977,35.72239098977788,-26.61964491740165
368,2024-06-29 03:39:00,123.62,123.831,123.831,123.62,800096,98811904.0,1719603540,,,,,,,,,,,27.739601018958595,22.601763293822756,0.3149999999999977,35.72239098977788,46.98729993744569
369,2024-06-29 03:40:00,123.795,123.856,123.856,123.74,565712,69840896.0,1719603600,,,,,,,,,,,34.651833043066134,22.94735344449792,0.34792857142856903,35.72239098977788,68.69843486274742
370,2024-06-29 03:41:00,123.81,123.94,123.94,123.81,1096928,135647232.0,1719603660,,,,,,,,,,,41.846252464384676,22.94735344449792,0.34792857142856903,35.72239098977788,73.91290380502743
371,2024-06-29 03:42:00,123.945,124.02,124.02,123.874,577584,71417856.0,1719603720,,,,,,,,,,,49.22960172966155,22.94735344449792,0.34792857142856903,35.72239098977788,76.47591117849191
372,2024-06-29 03:43:00,123.955,124.054,124.054,123.89,628384,77713408.0,1719603780,,,,,,,,,,,56.20741846340667,22.94735344449792,0.34792857142856903,35.72239098977788,77.89303779989385
373,2024-06-29 03:44:00,124.1,124.245,124.245,124.1,696896,86325248.0,1719603840,,,,,,,,,,,64.72169480684757,22.94735344449792,0.34792857142856903,35.72239098977788,78.42512920512944
374,2024-06-29 03:45:00,124.27,124.07,124.27,124.07,938736,116359168.0,1719603900,,,,,,,,,,,70.13542461734112,24.772045677718125,0.36185714285714,35.72239098977788,79.4665855840927
375,2024-06-29 03:46:00,124.0,124.01,124.01,123.91,915520,113199104.0,1719603960,,,,,,,,,,,74.69758768717739,24.772045677718125,0.36185714285714,35.72239098977788,78.62804585006786
376,2024-06-29 03:47:00,124.14,124.1,124.18,124.098,870640,107859968.0,1719604020,,,,,,,,,,,79.83392645333596,24.772045677718125,0.36185714285714,35.72239098977788,77.249145871454
377,2024-06-29 03:48:00,124.14,124.159,124.175,124.075,554848,68716544.0,1719604080,,,,,,,,,,,85.08343882890118,24.772045677718125,0.36185714285714,35.72239098977788,76.57284884723097
378,2024-06-29 03:49:00,124.15,124.23,124.23,124.15,669296,82956288.0,1719604140,,,,,,,,,,,90.57666797106221,24.772045677718125,0.36185714285714,35.72239098977788,76.17583951915192
379,2024-06-29 03:50:00,124.22,124.12,124.32,124.12,892128,110716928.0,1719604200,,,,,,,,,,,93.74623409668757,27.772347438311186,0.37114285714285394,35.72239098977788,76.04854133728095
380,2024-06-29 03:51:00,124.39,124.633,124.633,124.332,1439424,178948096.0,1719604260,,,,,,,,,,,98.95931530548938,27.772347438311186,0.37114285714285394,35.72239098977788,74.61009537137163
381,2024-06-29 03:52:00,124.5,124.63,124.63,124.5,778384,96612352.0,1719604320,,,,,,,,,,,103.47417271821647,27.772347438311186,0.37114285714285394,35.72239098977788,75.5197615872091
382,2024-06-29 03:53:00,124.58,124.58,124.58,124.5,709680,88139776.0,1719604380,,,,,,,,,,,106.87527457578477,27.772347438311186,0.37114285714285394,35.72239098977788,75.54778145908047
383,2024-06-29 03:54:00,124.392,124.225,124.405,124.225,901120,111659008.0,1719604440,,,,,,,,,,,106.13341332413903,27.772347438311186,0.37114285714285394,35.72239098977788,74.78496683706278
384,2024-06-29 03:55:00,124.25,124.26,124.26,124.16,1087232,134729728.0,1719604500,,,,,,,,,,,105.72302699769583,32.889700968217625,0.38385714285713946,35.72239098977788,70.75430175262527
385,2024-06-29 03:56:00,124.24,123.99,124.33,123.95,1243600,154185728.0,1719604560,,,,,,,,,,,102.46596119891903,32.889700968217625,0.38385714285713946,35.72239098977788,67.14751894860382
386,2024-06-29 03:57:00,124.08,123.73,124.08,123.73,1520976,188053504.0,1719604620,,,,,,,,,,,96.78197333676707,32.889700968217625,0.38385714285713946,35.72239098977788,58.01219808975825
387,2024-06-29 03:58:00,123.77,123.63,123.77,123.63,1179168,145616896.0,1719604680,,,,,,,,,,,90.59694442204066,32.889700968217625,0.38385714285713946,35.72239098977788,35.09288479654267
388,2024-06-29 03:59:00,123.735,123.65,123.795,123.65,1566192,193308672.0,1719604740,,,,,,,,,,,85.21658963521891,32.889700968217625,0.38385714285713946,35.72239098977788,-0.85824312669562
389,2024-06-29 04:00:00,123.67,123.54,123.89,123.4,57053456,7046088704.0,1719604800,,,,,,,,,,,79.22513641243236,32.550566936397445,0.43671428571428195,29.576831782365815,-23.477872069598018
