,dt,open,close,high,low,vol,turnover,ts,icon_1,icon_2,icon_11,icon_12,icon_13,icon_41,icon_34,icon_35,icon_38,icon_39,jw1,jw5,atr5,jw30,baijiao
0,2024-07-09 21:31:00,130.35,130.83,130.83,128.9,13327803,1734467456.0,1720531860,,,,,,,,,,,83.91478663828039,22.807177266196845,0.3182142857142856,73.39202514687054,64.81783096510573
1,2024-07-09 21:32:00,131.06,130.825,131.097,130.74,2982646,390484864.0,1720531920,,,,,,,,,,,89.59508661561999,22.807177266196845,0.3182142857142856,73.39202514687054,80.47964925573235
2,2024-07-09 21:33:00,131.356,131.44,131.46,131.331,2930881,385232896.0,1720531980,,,,,,,,,,,95.97428992406708,22.807177266196845,0.3182142857142856,73.39202514687054,82.26294091612442
3,2024-07-09 21:34:00,131.61,131.19,131.67,131.19,2441108,321034240.0,1720532040,,,,,,,,,,,99.3488612470497,22.807177266196845,0.3182142857142856,73.39202514687054,83.02440275527204
4,2024-07-09 21:35:00,131.01,131.459,131.5,131.01,1774158,233020928.0,1720532100,,,,,,,,,,,103.52635810146312,33.79475171717583,0.5560714285714293,73.39202514687054,82.4982372874848
5,2024-07-09 21:36:00,131.557,131.14,131.731,131.019,2315520,304428032.0,1720532160,,,,,,,,,,,105.34876566809996,33.79475171717583,0.5560714285714293,73.39202514687054,82.18143007945088
6,2024-07-09 21:37:00,131.2,131.22,131.36,130.905,1627040,213480704.0,1720532220,,,,,,,,,,,107.22508314094121,33.79475171717583,0.5560714285714293,73.39202514687054,81.09506483336943
7,2024-07-09 21:38:00,131.37,131.13,131.37,131.13,1120048,147124480.0,1720532280,,,,,,,,,,,108.34680316218382,33.79475171717583,0.5560714285714293,73.39202514687054,80.1118572528987
8,2024-07-09 21:39:00,131.26,130.85,131.44,130.68,1567084,205522688.0,1720532340,,,,,,,,,,,107.89997610754871,33.79475171717583,0.5560714285714293,73.39202514687054,78.87317570320624
9,2024-07-09 21:40:00,131.145,131.22,131.22,131.06,1001218,131386368.0,1720532400,,,,,,,,,,,109.12449493989888,42.24374199449451,0.614928571428571,73.39202514687054,76.863978642244
10,2024-07-09 21:41:00,131.3,131.264,131.388,131.17,1419166,186362368.0,1720532460,,,,,,,,,,,110.30214624773417,42.24374199449451,0.614928571428571,73.39202514687054,76.08291637458464
11,2024-07-09 21:42:00,131.325,131.55,131.55,131.2,1545988,203195904.0,1720532520,,,,,,,,,,,112.58023004966668,42.24374199449451,0.614928571428571,73.39202514687054,75.27390347128896
12,2024-07-09 21:43:00,131.53,131.79,131.79,131.53,1533644,201934848.0,1720532580,,,,,,,,,,,115.34281477713364,42.24374199449451,0.614928571428571,73.39202514687054,75.23675418975401
13,2024-07-09 21:44:00,131.75,131.8,131.8,131.62,1261100,166204928.0,1720532640,,,,,,,,,,,117.68114274071763,42.24374199449451,0.614928571428571,73.39202514687054,75.31677579196551
14,2024-07-09 21:45:00,131.76,131.985,131.985,131.76,1545348,203891712.0,1720532700,,,,,,,,,,,119.63950335459201,52.203522831807106,0.6474285714285719,73.39202514687054,74.91140114975248
15,2024-07-09 21:46:00,131.952,132.22,132.22,131.905,2693520,355737088.0,1720532760,,,,,,,,,,,121.25816636332442,52.203522831807106,0.6474285714285719,73.39202514687054,74.19962434094356
16,2024-07-09 21:47:00,132.13,131.96,132.13,131.86,1679624,221902336.0,1720532820,,,,,,,,,,,121.47925203772576,52.203522831807106,0.6474285714285719,73.39202514687054,73.27238635783915
17,2024-07-09 21:48:00,131.918,131.694,131.96,131.694,1187016,156655104.0,1720532880,,1.0,,,,,,,,,120.41151849232098,52.203522831807106,0.6474285714285719,73.39202514687054,71.2685763764697
18,2024-07-09 21:49:00,131.68,131.849,131.86,131.68,893040,117722112.0,1720532940,,,,,,,,,,,119.9970070649013,52.203522831807106,0.6474285714285719,73.39202514687054,68.09382166981682
19,2024-07-09 21:50:00,131.76,131.916,131.916,131.64,988060,130199552.0,1720533000,,,,,,,,,,,119.7949472024063,59.817953296761715,0.6799285714285729,73.39202514687054,65.96855789888822
20,2024-07-09 21:51:00,132.005,132.167,132.167,132.005,1412888,186643456.0,1720533060,,,,,,,,,,,120.56690368523951,59.817953296761715,0.6799285714285729,73.39202514687054,64.32625832377137
21,2024-07-09 21:52:00,132.23,131.92,132.23,131.885,1467104,193784832.0,1720533120,,,,,,,,,,,120.05418290042692,59.817953296761715,0.6799285714285729,73.39202514687054,64.26114773908452
22,2024-07-09 21:53:00,131.93,131.74,131.93,131.72,891804,117634048.0,1720533180,,,,,,,,,,,118.72511758402015,59.817953296761715,0.6799285714285729,73.39202514687054,61.94913527925434
23,2024-07-09 21:54:00,131.77,131.87,131.88,131.77,726912,95911424.0,1720533240,,,,,,,,,,,117.98671811873817,59.817953296761715,0.6799285714285729,73.39202514687054,58.24480572698111
24,2024-07-09 21:55:00,131.925,131.987,132.03,131.925,873196,115341312.0,1720533300,,,,,,,,,,,117.6993148169507,66.8533402575884,0.6982142857142851,73.39202514687054,56.14771016516918
25,2024-07-09 21:56:00,132.069,131.97,132.155,131.97,1059064,139924480.0,1720533360,,,,,,,,,,,117.2720188205164,66.8533402575884,0.6982142857142851,73.39202514687054,55.280555544695474
26,2024-07-09 21:57:00,132.11,132.36,132.469,132.11,1700148,224972800.0,1720533420,,,,,,,,,,,117.4762506136712,66.8533402575884,0.6982142857142851,73.39202514687054,53.92805526806058
27,2024-07-09 21:58:00,132.4,132.73,132.73,132.4,1916664,254084096.0,1720533480,,,,,,,,,,,118.01461502351191,66.8533402575884,0.6982142857142851,73.39202514687054,54.06196235899039
28,2024-07-09 21:59:00,132.58,132.588,132.6,132.412,1474796,195539968.0,1720533540,,,,,,,,,,,117.83815491672053,66.8533402575884,0.6982142857142851,73.39202514687054,54.55916454947458
29,2024-07-09 22:00:00,132.57,132.47,132.57,132.46,764360,101321216.0,1720533600,,,,,,,,,,,117.11786358677853,73.14224718095849,0.7303571428571425,77.07926442445066,52.958278939878404
30,2024-07-09 22:01:00,132.5,132.525,132.562,132.43,928268,123005440.0,1720533660,,,,,,,,,,,116.61005333188231,73.14224718095849,0.7303571428571425,77.07926442445066,50.070694300995044
31,2024-07-09 22:02:00,132.444,132.506,132.506,132.34,1060256,140404224.0,1720533720,,,,,,,,,,,115.99884614775073,73.14224718095849,0.7303571428571425,77.07926442445066,48.07430855391886
32,2024-07-09 22:03:00,132.61,132.89,132.98,132.61,2233580,296647168.0,1720533780,,,,,,,,,,,115.92811841292021,73.14224718095849,0.7303571428571425,77.07926442445066,45.89588777207085
33,2024-07-09 22:04:00,132.941,132.965,132.98,132.889,1493796,198535680.0,1720533840,,,,,,,,,,,116.07271969868864,73.14224718095849,0.7303571428571425,77.07926442445066,45.54370754302109
34,2024-07-09 22:05:00,132.99,132.981,132.99,132.93,1697368,225575424.0,1720533900,,,,,,,,,,,116.14878819547957,79.66861606081946,0.7567857142857142,77.07926442445066,45.573313700478046
35,2024-07-09 22:06:00,132.887,132.87,132.925,132.86,960288,127442944.0,1720533960,,,,,,,,,,,115.72158679456666,79.66861606081946,0.7567857142857142,77.07926442445066,45.048390267416906
36,2024-07-09 22:07:00,132.653,132.319,132.653,132.16,2553152,337601536.0,1720534020,,,,,,,,,,1.0,113.17966137188367,79.66861606081946,0.7567857142857142,77.07926442445066,42.77812999981842
37,2024-07-09 22:08:00,132.32,132.57,132.57,132.32,2015848,266464256.0,1720534080,,,,,,,,,,,111.79937821239739,79.66861606081946,0.7567857142857142,77.07926442445066,32.74728891252092
38,2024-07-09 22:09:00,132.59,132.725,132.735,132.59,866760,114866176.0,1720534140,,,,,,,,,,,111.09526200211741,79.66861606081946,0.7567857142857142,77.07926442445066,28.980363482572947
39,2024-07-09 22:10:00,132.68,132.89,132.89,132.615,956800,126898176.0,1720534200,,,,,,,,,,,111.03487904122358,85.11590070122219,0.7918571428571427,77.07926442445066,28.708749810767745
40,2024-07-09 22:11:00,132.85,133.002,133.002,132.76,1431504,190041088.0,1720534260,,,,,,,,,,,111.30360523658777,85.11590070122219,0.7918571428571427,77.07926442445066,30.826347384410838
41,2024-07-09 22:12:00,133.13,133.342,133.342,133.13,1739888,231672832.0,1720534320,,,,,,,,,,,111.48745736572022,85.11590070122219,0.7918571428571427,77.07926442445066,33.17530894131136
42,2024-07-09 22:13:00,133.33,133.15,133.42,133.15,1537416,204878848.0,1720534380,,,,,,,,,,,110.6532303926509,85.11590070122219,0.7918571428571427,77.07926442445066,34.06368437426184
43,2024-07-09 22:14:00,133.26,133.174,133.276,133.174,865568,115196928.0,1720534440,,,,,,,,,,,109.93316303925025,85.11590070122219,0.7918571428571427,77.07926442445066,30.203811451650534
44,2024-07-09 22:15:00,133.25,133.421,133.421,133.193,917744,122227712.0,1720534500,,,,,,,,,,,110.10898944799374,90.27878040795758,0.8194285714285721,77.07926442445066,27.50753234033934
45,2024-07-09 22:16:00,133.405,133.252,133.546,133.252,1607760,214390784.0,1720534560,,,,,,,,,,,108.25676902430453,90.27878040795758,0.8194285714285721,77.07926442445066,29.142630969975887
46,2024-07-09 22:17:00,133.43,133.45,133.497,133.41,978568,130432000.0,1720534620,,,,,,,,,,,107.88129753179433,90.27878040795758,0.8194285714285721,77.07926442445066,25.20419244084069
47,2024-07-09 22:18:00,133.552,133.57,133.575,133.47,1039680,138627072.0,1720534680,,,,,,,,,,,108.11144674213327,90.27878040795758,0.8194285714285721,77.07926442445066,25.353832932030574
48,2024-07-09 22:19:00,133.485,133.685,133.685,133.485,1140648,152173568.0,1720534740,,,,,,,,,,,108.3081208954429,90.27878040795758,0.8194285714285721,77.07926442445066,26.430741599582706
49,2024-07-09 22:20:00,133.595,133.74,133.81,133.595,1211296,161762304.0,1720534800,,,,,,,,,,,108.01511591307818,94.60119315847251,0.8407857142857144,77.07926442445066,26.729274144087817
50,2024-07-09 22:21:00,133.71,133.591,133.71,133.489,1005640,134187008.0,1720534860,,,,,,,,,,,106.80455146950135,94.60119315847251,0.8407857142857144,77.07926442445066,25.445443566028032
51,2024-07-09 22:22:00,133.59,133.29,133.68,133.29,1066672,142300160.0,1720534920,,,,,,,,1.0,,,103.85083429386032,94.60119315847251,0.8407857142857144,77.07926442445066,21.926695975045103
52,2024-07-09 22:23:00,133.36,132.925,133.36,132.925,1499496,199542784.0,1720534980,,,,,,,,,,,98.95825420972551,94.60119315847251,0.8407857142857144,77.07926442445066,14.305221443009053
53,2024-07-09 22:24:00,133.078,133.115,133.16,133.078,1349744,179468288.0,1720535040,,,,,,,,,,,95.14895959939139,94.60119315847251,0.8407857142857144,77.07926442445066,2.414513542913225
54,2024-07-09 22:25:00,132.97,132.572,132.97,132.572,1380352,183158784.0,1720535100,,,,,,,,,,,87.60782381401475,94.74401509606699,0.9042142857142862,77.07926442445066,-1.881571898708129
55,2024-07-09 22:26:00,132.429,132.412,132.57,132.342,1659608,219685888.0,1720535160,,,,,,,,,,,79.61074215176157,94.74401509606699,0.9042142857142862,77.07926442445066,-14.053295075901216
56,2024-07-09 22:27:00,132.255,132.125,132.255,132.055,1661016,219473920.0,1720535220,,,,,,,,,,,68.60970013961673,94.74401509606699,0.9042142857142862,77.07926442445066,-23.49143292917443
57,2024-07-09 22:28:00,132.315,132.6,132.6,132.314,1522312,201448448.0,1720535280,,,,,,,,,,,62.40229723803023,94.74401509606699,0.9042142857142862,77.07926442445066,-32.464930652171226
58,2024-07-09 22:29:00,132.56,132.29,132.56,132.29,849624,112487424.0,1720535340,,,,,,,,,,,54.089022182191314,94.74401509606699,0.9042142857142862,77.07926442445066,-31.161522774094042
59,2024-07-09 22:30:00,132.3,131.97,132.3,131.92,1509112,199221248.0,1720535400,,,,,,,,,,,43.92174041079397,92.92521276802067,0.927428571428573,78.1644939966522,-33.99665055531242
60,2024-07-09 22:31:00,132.18,132.011,132.18,132.011,937592,123759616.0,1720535460,,,,,,,,,,,35.29837438989861,92.92521276802067,0.927428571428573,78.1644939966522,-39.44475324829581
61,2024-07-09 22:32:00,132.16,132.15,132.16,131.948,921552,121646080.0,1720535520,,,,,,,,,,,28.92973637979466,92.92521276802067,0.927428571428573,78.1644939966522,-41.76297956638998
62,2024-07-09 22:33:00,132.328,132.15,132.328,131.97,1105088,145826816.0,1720535580,,,,,,,,,,,23.357823125516035,92.92521276802067,0.927428571428573,78.1644939966522,-41.320800558127424
63,2024-07-09 22:34:00,132.186,132.548,132.55,132.186,1070056,141309952.0,1720535640,,,,,,,,,,,22.0098812484199,92.92521276802067,0.927428571428573,78.1644939966522,-40.6130146089508
64,2024-07-09 22:35:00,132.539,132.778,132.778,132.485,1198824,158606336.0,1720535700,,,,,,,,,,,22.60152821502095,93.75792172189476,0.964571428571429,78.1644939966522,-35.12194932318435
65,2024-07-09 22:36:00,132.675,132.519,132.675,132.519,634816,83934208.0,1720535760,,,,,,,,,,,20.87313920795907,93.75792172189476,0.964571428571429,78.1644939966522,-27.21718038643841
66,2024-07-09 22:37:00,132.525,132.72,132.75,132.525,761976,100890624.0,1720535820,,,,,,,,,,,21.282618987230734,93.75792172189476,0.964571428571429,78.1644939966522,-25.44018510868165
67,2024-07-09 22:38:00,132.774,132.91,132.93,132.774,910336,120690688.0,1720535880,,,,,,,,,,,23.293051059364757,93.75792172189476,0.964571428571429,78.1644939966522,-20.427223137411417
68,2024-07-09 22:39:00,132.89,132.66,132.89,132.642,904632,119821312.0,1720535940,,,,,,,,,,,21.992120815575475,93.75792172189476,0.964571428571429,78.1644939966522,-13.118637875709085
69,2024-07-09 22:40:00,132.66,132.845,132.845,132.66,571864,75724800.0,1720536000,,,,,,,,,,,22.805802866484925,94.64510467911461,0.9260714285714288,78.1644939966522,-12.907184826414095
70,2024-07-09 22:41:00,132.88,132.83,132.9,132.809,579784,76819456.0,1720536060,,,,,,,,,,,23.47909483949212,94.64510467911461,0.9260714285714288,78.1644939966522,-8.922610847681112
71,2024-07-09 22:42:00,132.881,132.96,132.96,132.881,551520,73104384.0,1720536120,,,,,,,,,,,25.489768065204316,94.64510467911461,0.9260714285714288,78.1644939966522,-6.495457660817745
72,2024-07-09 22:43:00,132.945,132.815,132.965,132.815,525168,69564416.0,1720536180,,,,,,,,,,,25.906365662122738,94.64510467911461,0.9260714285714288,78.1644939966522,-2.1846461633430923
73,2024-07-09 22:44:00,132.701,132.865,132.865,132.68,595392,78840832.0,1720536240,,,,,,,,,,,26.870178437433964,94.64510467911461,0.9260714285714288,78.1644939966522,-2.367947199837656
74,2024-07-09 22:45:00,132.9,132.97,132.981,132.9,650648,86296576.0,1720536300,,,,,,,,,,,28.87429405704478,95.76147813407754,0.6997142857142852,78.1644939966522,-1.4205289714966773
75,2024-07-09 22:46:00,133.02,133.032,133.078,133.0,1053616,139814912.0,1720536360,,,,,,,,,,,31.365610163713484,95.76147813407754,0.6997142857142852,78.1644939966522,1.352873055432881
76,2024-07-09 22:47:00,133.07,132.985,133.19,132.98,1049232,139288576.0,1720536420,,,,,,,,,,,33.1826639799273,95.76147813407754,0.6997142857142852,78.1644939966522,4.341481020205878
77,2024-07-09 22:48:00,132.9,133.06,133.072,132.9,580200,76904448.0,1720536480,,,,,,,,,,,35.626859584292134,95.76147813407754,0.6997142857142852,78.1644939966522,5.186226315757363
78,2024-07-09 22:49:00,132.97,132.98,132.986,132.855,565832,75027456.0,1720536540,,,,,,,,,,,37.05682561619466,95.76147813407754,0.6997142857142852,78.1644939966522,7.13871229773942
79,2024-07-09 22:50:00,132.955,132.57,132.955,132.57,939408,124399616.0,1720536600,,,,,,,,,,,34.24125646027082,95.44484410667634,0.6689285714285721,78.1644939966522,6.484042994395941
80,2024-07-09 22:51:00,132.561,132.88,132.88,132.561,615360,81455104.0,1720536660,,,,,,,,,,,34.92387747654281,95.44484410667634,0.6689285714285721,78.1644939966522,-7.089051506244717
81,2024-07-09 22:52:00,132.94,132.99,133.07,132.86,793072,105224192.0,1720536720,,,,,,,,,,,36.701335444413914,95.44484410667634,0.6689285714285721,78.1644939966522,-20.09350484523757
82,2024-07-09 22:53:00,133.016,132.9,133.016,132.89,461824,61286400.0,1720536780,,,,,,,,,,,37.428145569348004,95.44484410667634,0.6689285714285721,78.1644939966522,-23.752014037128074
83,2024-07-09 22:54:00,132.784,132.81,132.93,132.763,471008,62457856.0,1720536840,,,,,,,,,,,37.2153303960488,95.44484410667634,0.6689285714285721,78.1644939966522,-28.41298601009551
84,2024-07-09 22:55:00,132.89,132.729,132.89,132.729,411008,54534144.0,1720536900,,,,,,,,,,,36.254784300233496,95.59506607831608,0.6470714285714264,78.1644939966522,-33.34854646387976
85,2024-07-09 22:56:00,132.779,132.482,132.779,132.482,658744,87259136.0,1720536960,,,,,,,,,,,32.94956093030686,95.59506607831608,0.6470714285714264,78.1644939966522,-37.901539167039324
86,2024-07-09 22:57:00,132.48,132.48,132.48,132.15,1130232,149434368.0,1720537020,,,,,,,,,,,30.035835791414584,95.59506607831608,0.6470714285714264,78.1644939966522,-45.402195618804775
87,2024-07-09 22:58:00,132.401,132.176,132.401,132.169,632584,83543040.0,1720537080,,,,,,,,,,,24.42189559130398,95.59506607831608,0.6470714285714264,78.1644939966522,-49.09868286349428
88,2024-07-09 22:59:00,132.29,132.32,132.32,132.18,700832,92470272.0,1720537140,,,,,,,,,,,20.93927268619757,95.59506607831608,0.6470714285714264,78.1644939966522,-55.285704247727736
89,2024-07-09 23:00:00,132.39,132.21,132.39,132.21,529416,69862400.0,1720537200,,,,,,,,,,,16.794233169808408,94.04907437226254,0.6505714285714248,79.48794685402117,-58.9265545665439
90,2024-07-09 23:01:00,132.21,132.42,132.42,132.2,596960,78823424.0,1720537260,,,,,,,,,,,15.300454124206496,94.04907437226254,0.6505714285714248,79.48794685402117,-62.59087732950746
91,2024-07-09 23:02:00,132.48,132.45,132.49,132.428,400248,52827136.0,1720537320,,,,,,,,,,,14.35213344708123,94.04907437226254,0.6505714285714248,79.48794685402117,-62.45660135702966
92,2024-07-09 23:03:00,132.37,132.326,132.376,132.26,377312,49599488.0,1720537380,,,,,,,,,,,12.333035401580347,94.04907437226254,0.6505714285714248,79.48794685402117,-63.88096309476668
93,2024-07-09 23:04:00,132.37,132.221,132.37,132.221,371952,48848896.0,1720537440,,,,,,,,,,,9.553108025015305,94.04907437226254,0.6505714285714248,79.48794685402117,-66.4551464750709
94,2024-07-09 23:05:00,132.169,131.945,132.23,131.945,974304,128326656.0,1720537500,,,,,,,,,,,4.38309959479804,91.7866136574601,0.6530714285714266,79.48794685402117,-68.8106784814804
95,2024-07-09 23:06:00,131.961,132.17,132.195,131.88,823344,108426240.0,1720537560,,,,,,,,,,,2.6782720747236652,91.7866136574601,0.6530714285714266,79.48794685402117,-71.96887669440356
96,2024-07-09 23:07:00,132.19,132.125,132.19,132.09,371920,48843776.0,1720537620,,,,,,,,,,,1.3375307042720266,91.7866136574601,0.6530714285714266,79.48794685402117,-72.229526028825
97,2024-07-09 23:08:00,132.08,132.15,132.16,132.08,329920,43371520.0,1720537680,,,,,,,,,,,1.012492626057366,91.7866136574601,0.6530714285714266,79.48794685402117,-72.58355304624774
98,2024-07-09 23:09:00,132.12,132.07,132.139,131.98,549672,72393728.0,1720537740,,,,,,,,,,,-0.3506393240786281,91.7866136574601,0.6530714285714266,79.48794685402117,-72.55160395536409
99,2024-07-09 23:10:00,131.96,131.961,132.0,131.91,467176,61466624.0,1720537800,,,,,,,,,,,-3.062220060303531,89.76692669618333,0.6212857142857128,79.48794685402117,-72.95486513298478
100,2024-07-09 23:11:00,132.01,131.77,132.01,131.77,837504,110303232.0,1720537860,,,,,,,,,,,-6.564896774651899,89.76692669618333,0.6212857142857128,79.48794685402117,-74.23442245807472
101,2024-07-09 23:12:00,131.7,131.676,131.789,131.67,867104,113988608.0,1720537920,,,,,,,,,,,-9.511501463661233,89.76692669618333,0.6212857142857128,79.48794685402117,-75.96402529264867
102,2024-07-09 23:13:00,131.72,131.53,131.72,131.43,1035728,136125440.0,1720537980,,,,,,,,,,,-11.023873833138651,89.76692669618333,0.6212857142857128,79.48794685402117,-77.13073668573443
103,2024-07-09 23:14:00,131.5,131.74,131.74,131.46,722696,94962688.0,1720538040,,,,,,,,,,,-9.986767657958268,89.76692669618333,0.6212857142857128,79.48794685402117,-77.48382340237147
104,2024-07-09 23:15:00,131.846,131.761,131.846,131.761,632128,82812928.0,1720538100,,,,,,,,,,,-8.732634180008347,87.29544962467165,0.6162857142857112,79.48794685402117,-76.8403942438065
105,2024-07-09 23:16:00,131.825,131.79,131.83,131.73,487952,63825920.0,1720538160,,,,,,,,,,,-7.2028480165982245,87.29544962467165,0.6162857142857112,79.48794685402117,-76.18643829424303
106,2024-07-09 23:17:00,131.75,131.87,131.87,131.74,331720,43290624.0,1720538220,,,,,,,,,,,-4.878625674579993,87.29544962467165,0.6162857142857112,79.48794685402117,-75.45637728882501
107,2024-07-09 23:18:00,131.96,131.82,132.04,131.805,933288,122499072.0,1720538280,,,,,,,,,,,-3.2641051687976272,87.29544962467165,0.6162857142857112,79.48794685402117,-74.27848874905595
108,2024-07-09 23:19:00,131.81,131.993,131.993,131.81,506656,66476032.0,1720538340,,,,,,,,,,,0.1338489190099068,87.29544962467165,0.6162857142857112,79.48794685402117,-73.63854791408623
109,2024-07-09 23:20:00,131.88,131.949,131.98,131.88,410536,53805056.0,1720538400,,,,,,,,,,,2.757643535254118,85.63653979825949,0.5797857142857116,79.48794685402117,-71.41155441135238
110,2024-07-09 23:21:00,132.0,132.23,132.23,132.0,674448,88659968.0,1720538460,,,,,,,,,,,8.213327217570935,85.63653979825949,0.5797857142857116,79.48794685402117,-69.89646267726224
111,2024-07-09 23:22:00,132.24,132.162,132.3,132.16,629952,82874368.0,1720538520,,,,,,,,,,,12.392966579058694,85.63653979825949,0.5797857142857116,79.48794685402117,-63.55574020768052
112,2024-07-09 23:23:00,132.16,132.25,132.255,132.16,355152,46653440.0,1720538580,,,,,,,,,,,17.119221056229534,85.63653979825949,0.5797857142857116,79.48794685402117,-58.51781003090751
113,2024-07-09 23:24:00,132.255,132.14,132.255,132.14,361840,47476736.0,1720538640,,,,,,,,,,,20.172854680941214,85.63653979825949,0.5797857142857116,79.48794685402117,-49.9308114771439
114,2024-07-09 23:25:00,132.11,131.92,132.11,131.91,719456,94449664.0,1720538700,,,,,,,,,,,20.533655769178807,84.02994275841817,0.5604285714285696,79.48794685402117,-47.72446258030832
115,2024-07-09 23:26:00,131.775,131.882,131.889,131.71,590528,77438976.0,1720538760,,,,,,,,,,,20.467804024847382,84.02994275841817,0.5604285714285696,79.48794685402117,-55.771004433209306
116,2024-07-09 23:27:00,131.845,131.736,131.86,131.736,355984,46571520.0,1720538820,,,,,,,,,,,18.848259699573717,84.02994275841817,0.5604285714285696,79.48794685402117,-60.57037962163283
117,2024-07-09 23:28:00,131.77,131.72,131.77,131.645,461728,60422144.0,1720538880,,,,,,,,,,,17.2572219533171,84.02994275841817,0.5604285714285696,79.48794685402117,-66.10610410693918
118,2024-07-09 23:29:00,131.683,131.58,131.736,131.58,458384,59971584.0,1720538940,,,,,,,,,,,14.347582833149275,84.02994275841817,0.5604285714285696,79.48794685402117,-68.92912728735104
119,2024-07-09 23:30:00,131.5,131.568,131.62,131.493,656384,85813248.0,1720539000,,,,,,,,,,,11.656772589009272,81.46695725141251,0.5510714285714268,79.76401850366304,-72.17202951634783
120,2024-07-09 23:31:00,131.55,131.425,131.55,131.425,530944,69357568.0,1720539060,,,,,,,,,,,7.797333645637529,81.46695725141251,0.5510714285714268,79.76401850366304,-73.92339973275175
121,2024-07-09 23:32:00,131.39,130.95,131.39,130.95,1430784,186935296.0,1720539120,,,,,,,,,,,4.400678683208625,81.46695725141251,0.5510714285714268,79.76401850366304,-76.04636131493665
122,2024-07-09 23:33:00,131.105,131.041,131.179,131.041,773872,101038080.0,1720539180,,,,,,,,,,,2.242591662670222,81.46695725141251,0.5510714285714268,79.76401850366304,-77.20370844808983
123,2024-07-09 23:34:00,131.0,131.155,131.155,130.97,739344,96346112.0,1720539240,1.0,,,,,,,,,,1.3994415303872856,81.46695725141251,0.5510714285714268,79.76401850366304,-77.39052635804103
124,2024-07-09 23:35:00,131.15,131.29,131.29,131.15,593664,77443072.0,1720539300,,,,,,,,,,,1.9187024129645067,78.28742614761808,0.5117857142857137,79.76401850366304,-76.7742624021699
125,2024-07-09 23:36:00,131.278,131.299,131.313,131.23,528848,68982784.0,1720539360,,,,,,,,,,,2.5149196725306666,78.28742614761808,0.5117857142857137,79.76401850366304,-75.15609567578706
126,2024-07-09 23:37:00,131.265,131.33,131.34,131.23,518496,67653632.0,1720539420,,,,,,,,,,,3.4652701582155245,78.28742614761808,0.5117857142857137,79.76401850366304,-73.56607218839014
127,2024-07-09 23:38:00,131.32,131.26,131.338,131.26,305120,39800832.0,1720539480,,,,,,,,,,,3.836507882045346,78.28742614761808,0.5117857142857137,79.76401850366304,-71.69830452366293
128,2024-07-09 23:39:00,131.271,131.23,131.295,131.185,420800,54865920.0,1720539540,,,,,,,,,,,3.9785918158847906,78.28742614761808,0.5117857142857137,79.76401850366304,-71.13452127974634
129,2024-07-09 23:40:00,131.194,131.332,131.44,131.082,733184,95746048.0,1720539600,,,,,,,,,,,5.382017052372007,75.56243433839441,0.48878571428571355,79.76401850366304,-71.0768738342941
130,2024-07-09 23:41:00,131.322,131.645,131.645,131.322,683952,89427968.0,1720539660,,,,,,,,,,,11.306786335871287,75.56243433839441,0.48878571428571355,79.76401850366304,-68.75548995081895
131,2024-07-09 23:42:00,131.61,131.443,131.61,131.443,376576,49127424.0,1720539720,,,,,,,,,,,14.111461399577486,75.56243433839441,0.48878571428571355,79.76401850366304,-54.13675620882992
132,2024-07-09 23:43:00,131.46,131.525,131.525,131.43,309184,40288256.0,1720539780,,,,,,,,,,,17.651811964292335,75.56243433839441,0.48878571428571355,79.76401850366304,-44.4005500179616
133,2024-07-09 23:44:00,131.58,131.621,131.621,131.401,412208,53716992.0,1720539840,,,,,,,,,,,22.01468533811208,75.56243433839441,0.48878571428571355,79.76401850366304,-15.326481151585355
134,2024-07-09 23:45:00,131.65,131.54,131.675,131.52,509184,66643968.0,1720539900,,,,,,,,,,,24.9058457529259,73.7660806088744,0.4547142857142867,79.76401850366304,28.15409238340538
135,2024-07-09 23:46:00,131.46,131.54,131.601,131.46,305424,39954432.0,1720539960,,,,,,,,,,,27.483949236758228,73.7660806088744,0.4547142857142867,79.76401850366304,36.355607743473065
136,2024-07-09 23:47:00,131.565,131.61,131.61,131.51,361232,47230976.0,1720540020,,,,,,,,,,,31.301352582066116,73.7660806088744,0.4547142857142867,79.76401850366304,40.218412728982635
137,2024-07-09 23:48:00,131.61,131.638,131.7,131.61,447376,58650624.0,1720540080,,,,,,,,,,,35.10753465564646,73.7660806088744,0.4547142857142867,79.76401850366304,48.92630495216907
138,2024-07-09 23:49:00,131.59,131.63,131.68,131.563,341632,44490752.0,1720540140,,,,,,,,,,,38.849314656656205,73.7660806088744,0.4547142857142867,79.76401850366304,54.593885798560194
139,2024-07-09 23:50:00,131.69,131.68,131.69,131.66,212048,27518976.0,1720540200,,,,,,,,,,,42.86784441297141,72.58973900794928,0.4424999999999995,79.76401850366304,56.391149234414584
140,2024-07-09 23:51:00,131.693,131.68,131.75,131.671,465072,60854272.0,1720540260,,,,,,,,,,,46.41823579918864,72.58973900794928,0.4424999999999995,79.76401850366304,59.56258649812006
141,2024-07-09 23:52:00,131.66,131.506,131.66,131.44,451808,59219968.0,1720540320,,,,,,,,,,,47.0818372558608,72.58973900794928,0.4424999999999995,79.76401850366304,60.67894010520246
142,2024-07-09 23:53:00,131.37,131.38,131.436,131.37,290416,38008832.0,1720540380,,,,,,,,,,,45.84999681187735,72.58973900794928,0.4424999999999995,79.76401850366304,50.30507954382746
143,2024-07-09 23:54:00,131.38,131.475,131.5,131.38,399168,52346880.0,1720540440,,,,,,,,,,,46.059568903485356,72.58973900794928,0.4424999999999995,79.76401850366304,22.510886985558585
144,2024-07-09 23:55:00,131.37,131.38,131.38,131.26,407120,53268480.0,1720540500,,,,,,,,,,,44.86540382503196,70.59711547574096,0.456000000000001,79.76401850366304,12.909245891452137
145,2024-07-09 23:56:00,131.33,131.296,131.4,131.296,260592,34041856.0,1720540560,,,,,,,,,,,42.5781795454515,70.59711547574096,0.456000000000001,79.76401850366304,-11.421923244844319
146,2024-07-09 23:57:00,131.355,131.41,131.468,131.355,292608,38254592.0,1720540620,,,,,,,,,,,42.12425333388495,70.59711547574096,0.456000000000001,79.76401850366304,-36.761972456178306
147,2024-07-09 23:58:00,131.41,131.29,131.41,131.275,402160,52641792.0,1720540680,,,,,,,,,,,39.99428916077791,70.59711547574096,0.456000000000001,79.76401850366304,-35.34442945976572
148,2024-07-09 23:59:00,131.29,131.36,131.36,131.26,297936,38955008.0,1720540740,,,,,,,,,,,39.06398196548214,70.59711547574096,0.456000000000001,79.76401850366304,-47.03228715222069
149,2024-07-10 00:00:00,131.37,131.4,131.44,131.37,342688,44900352.0,1720540800,,,,,,,,,,,38.781197901190154,68.87816848328566,0.42657142857142916,79.78071589132347,-46.66884071877945
150,2024-07-10 00:01:00,131.46,131.51,131.65,131.46,522544,68548608.0,1720540860,,,,,,,,,,,40.06785047541785,68.87816848328566,0.42657142857142916,79.78071589132347,-42.00085421793858
151,2024-07-10 00:02:00,131.46,131.17,131.46,131.17,515712,67540992.0,1720540920,,,,,,,,,,,36.381781909158875,68.87816848328566,0.42657142857142916,79.78071589132347,-22.105912485213917
152,2024-07-10 00:03:00,131.105,131.04,131.105,130.901,1006624,131672064.0,1720540980,,,,,,,,,,,31.86595112268848,68.87816848328566,0.42657142857142916,79.78071589132347,-51.42461649821064
153,2024-07-10 00:04:00,131.185,131.15,131.19,131.12,520496,68093952.0,1720541040,,,,,,,,,,,29.337353455802877,68.87816848328566,0.42657142857142916,79.78071589132347,-64.33999981992092
154,2024-07-10 00:05:00,131.11,131.15,131.18,131.1,372480,48711680.0,1720541100,,,,,,,,,,,27.083379817059743,66.564952166231,0.44371428571428695,79.78071589132347,-65.83275825852382
155,2024-07-10 00:06:00,131.19,131.28,131.32,131.19,389392,50925568.0,1720541160,,,,,,,,,,,26.854523535582473,66.564952166231,0.44371428571428695,79.78071589132347,-66.55281154274667
156,2024-07-10 00:07:00,131.257,131.27,131.33,131.257,223232,29222912.0,1720541220,,,,,,,,,,,26.687137198084145,66.564952166231,0.44371428571428695,79.78071589132347,-61.748763301382255
157,2024-07-10 00:08:00,131.28,131.34,131.34,131.28,267936,35098624.0,1720541280,,,,,,,,,,,27.53185723892812,66.564952166231,0.44371428571428695,79.78071589132347,-56.38763893565566
158,2024-07-10 00:09:00,131.34,131.415,131.415,131.32,306896,40214528.0,1720541340,,,,,,,,,,,30.218135915522637,66.564952166231,0.44371428571428695,79.78071589132347,-44.095094897750776
159,2024-07-10 00:10:00,131.44,131.514,131.514,131.43,278720,36515840.0,1720541400,,,,,,,,,,,36.34524491111156,65.64044515343866,0.4247857142857165,79.78071589132347,-16.86233940043269
160,2024-07-10 00:11:00,131.57,131.57,131.58,131.52,448224,58771456.0,1720541460,,,,,,,,,,,43.27139978675525,65.64044515343866,0.4247857142857165,79.78071589132347,27.872051841364105
161,2024-07-10 00:12:00,131.575,131.535,131.575,131.53,153696,20123648.0,1720541520,,,,,,,,,,,50.03360915784024,65.64044515343866,0.4247857142857165,79.78071589132347,51.67376577535448
162,2024-07-10 00:13:00,131.549,131.595,131.599,131.549,248320,32499712.0,1720541580,,,,,,,,,,,57.70519344661737,65.64044515343866,0.4247857142857165,79.78071589132347,58.211687150794575
163,2024-07-10 00:14:00,131.594,131.595,131.667,131.594,498608,65421312.0,1720541640,,,,,,,,,,,64.49483146652835,65.64044515343866,0.4247857142857165,79.78071589132347,64.99981791359944
164,2024-07-10 00:15:00,131.545,131.29,131.545,131.29,532384,69769216.0,1720541700,,,,,,,,,,,63.62042661454633,64.12298811916611,0.41278571428571603,79.78071589132347,67.90864638153116
165,2024-07-10 00:16:00,131.408,131.488,131.488,131.405,271392,35528704.0,1720541760,,,,,,,,,,,67.23661189299199,64.12298811916611,0.41278571428571603,79.78071589132347,55.22078417353984
166,2024-07-10 00:17:00,131.51,131.6,131.65,131.51,328976,43114496.0,1720541820,,,,,,,,,,,72.91630728143484,64.12298811916611,0.41278571428571603,79.78071589132347,64.41055228382176
167,2024-07-10 00:18:00,131.56,131.465,131.56,131.465,322752,42287104.0,1720541880,,,,,,,,,,,74.86693199828628,64.12298811916611,0.41278571428571603,79.78071589132347,71.41387015040968
168,2024-07-10 00:19:00,131.52,131.55,131.61,131.52,235392,30814208.0,1720541940,,,,,,,,,,,78.44201238104476,64.12298811916611,0.41278571428571603,79.78071589132347,70.09813808132049
169,2024-07-10 00:20:00,131.55,131.58,131.605,131.55,187312,24551424.0,1720542000,,,,,,,,,,,82.22272384551817,63.68197438365175,0.4160000000000029,79.78071589132347,71.32361949114785
170,2024-07-10 00:21:00,131.59,131.61,131.61,131.57,313920,41132032.0,1720542060,,,,,,,,,,,86.18146441868613,63.68197438365175,0.4160000000000029,79.78071589132347,72.25127702762076
171,2024-07-10 00:22:00,131.646,131.605,131.65,131.605,381744,50104320.0,1720542120,,,,,,,,,,,89.50554348187612,63.68197438365175,0.4160000000000029,79.78071589132347,72.95328061613854
172,2024-07-10 00:23:00,131.585,131.58,131.6,131.56,229248,30089216.0,1720542180,,,,,,,,,,,91.809167855728,63.68197438365175,0.4160000000000029,79.78071589132347,73.85343410103027
173,2024-07-10 00:24:00,131.565,131.5,131.57,131.478,393744,51634176.0,1720542240,,,,,,,,,,,91.96247934268982,63.68197438365175,0.4160000000000029,79.78071589132347,73.4381160642772
174,2024-07-10 00:25:00,131.445,131.487,131.51,131.395,355584,46501888.0,1720542300,,,,,,,,,,,91.70824821961385,63.007593607202494,0.392785714285718,79.78071589132347,71.5437712693844
175,2024-07-10 00:26:00,131.445,131.295,131.445,131.295,392928,51386368.0,1720542360,,,,,,,,,,,87.06401119020502,63.007593607202494,0.392785714285718,79.78071589132347,69.28073384281365
176,2024-07-10 00:27:00,131.28,131.21,131.28,131.166,461888,60413952.0,1720542420,,,,,,,,,,,80.9243071507225,63.007593607202494,0.392785714285718,79.78071589132347,57.16723993068839
177,2024-07-10 00:28:00,131.29,131.29,131.397,131.29,369296,48283648.0,1720542480,,,,,,,,,,,77.17884949985438,63.007593607202494,0.392785714285718,79.78071589132347,26.7903289546551
178,2024-07-10 00:29:00,131.26,131.21,131.29,131.21,246560,32206848.0,1720542540,,,,,,,,,,,71.97594947022283,63.007593607202494,0.392785714285718,79.78071589132347,10.512616703004076
179,2024-07-10 00:30:00,131.18,131.18,131.23,131.14,313632,40894464.0,1720542600,,,,,,,,,,,66.61020698818628,61.45900447245509,0.39542857142857557,79.49172006589589,-19.333030815624223
180,2024-07-10 00:31:00,131.13,131.21,131.25,131.123,308688,40304640.0,1720542660,,,,,,,,,,,62.46136218926584,61.45900447245509,0.39542857142857557,79.49172006589589,-39.04232896769514
181,2024-07-10 00:32:00,131.175,131.23,131.279,131.144,223600,29151232.0,1720542720,,,,,,,,,,,59.18161311758246,61.45900447245509,0.39542857142857557,79.49172006589589,-44.10220969478393
182,2024-07-10 00:33:00,131.197,131.11,131.197,131.11,292096,38096896.0,1720542780,,,,,,,,,,,53.532569515639594,61.45900447245509,0.39542857142857557,79.49172006589589,-44.216185052965926
183,2024-07-10 00:34:00,131.12,131.14,131.19,131.051,300880,39239680.0,1720542840,,,,,,,,,,,49.15841637831937,61.45900447245509,0.39542857142857557,79.49172006589589,-55.9036744881824
184,2024-07-10 00:35:00,131.12,130.94,131.12,130.94,487264,63543296.0,1720542900,,,,,,,,,,,40.75264711163811,59.342388506508,0.3917857142857173,79.49172006589589,-58.92458637710076
185,2024-07-10 00:36:00,130.98,131.011,131.09,130.98,380000,49569792.0,1720542960,,,,,,,,,,,35.136101276139726,59.342388506508,0.3917857142857173,79.49172006589589,-69.305167913173
186,2024-07-10 00:37:00,131.05,131.015,131.05,130.969,271328,35373056.0,1720543020,,,,,,,,,,,30.250925882255473,59.342388506508,0.3917857142857173,79.49172006589589,-71.39612760632511
187,2024-07-10 00:38:00,130.959,130.64,130.959,130.64,882752,115073024.0,1720543080,,,,,,,,,,,23.08287887232268,59.342388506508,0.3917857142857173,79.49172006589589,-72.40340283721203
188,2024-07-10 00:39:00,130.66,130.69,130.777,130.66,857312,111765504.0,1720543140,,,,,,,,,,,17.666556746064018,59.342388506508,0.3917857142857173,79.49172006589589,-75.29564616716188
189,2024-07-10 00:40:00,130.66,130.58,130.68,130.58,532720,69251072.0,1720543200,,,,,,,,,1.0,,11.961024485035722,56.34884810969021,0.39771428571428863,79.49172006589589,-76.1108439207421
190,2024-07-10 00:41:00,130.47,130.525,130.558,130.43,1252128,163002368.0,1720543260,,,,,,,,,,,8.405420442859025,56.34884810969021,0.39771428571428863,79.49172006589589,-77.24107856144992
191,2024-07-10 00:42:00,130.44,130.56,130.56,130.44,396544,51496960.0,1720543320,,,,,,,,,,,5.8456043418201205,56.34884810969021,0.39771428571428863,79.49172006589589,-76.85493565515924
192,2024-07-10 00:43:00,130.525,130.15,130.556,130.15,835904,108572672.0,1720543380,,,,,,,,,,,1.6280042487638013,56.34884810969021,0.39771428571428863,79.49172006589589,-75.99020523420829
193,2024-07-10 00:44:00,130.133,130.42,130.42,130.071,975632,126703616.0,1720543440,,,,,,,,,,,2.125829129046238,56.34884810969021,0.39771428571428863,79.49172006589589,-77.17127723490655
194,2024-07-10 00:45:00,130.36,130.18,130.365,130.11,534096,69296128.0,1720543500,,,,,,,,,,,-0.2266220977414264,52.45390712373333,0.3899285714285737,79.49172006589589,-72.42882448287563
195,2024-07-10 00:46:00,130.28,129.79,130.28,129.79,1700192,220465152.0,1720543560,,,,,,,,,,,-3.549715091589505,52.45390712373333,0.3899285714285737,79.49172006589589,-73.00697274383175
196,2024-07-10 00:47:00,129.72,129.44,129.72,129.44,1503536,194363392.0,1720543620,,,,,,,,,,,-6.428721810267874,52.45390712373333,0.3899285714285737,79.49172006589589,-75.58664312220566
197,2024-07-10 00:48:00,129.319,129.0,129.319,128.99,2105920,271392768.0,1720543680,,,,,,,,,,,-8.83669442463841,52.45390712373333,0.3899285714285737,79.49172006589589,-76.9412667040262
198,2024-07-10 00:49:00,128.995,128.85,128.995,128.71,1350416,173602816.0,1720543740,,,,,,,,,,,-10.059940771695317,52.45390712373333,0.3899285714285737,79.49172006589589,-77.63929534759508
199,2024-07-10 00:50:00,128.98,129.03,129.039,128.93,1404080,180766720.0,1720543800,,,,,,,,,,,-9.896429836429874,45.32594787884511,0.4765000000000015,79.49172006589589,-76.86138674127824
200,2024-07-10 00:51:00,129.11,129.215,129.215,129.09,1339696,172660736.0,1720543860,,,,,1.0,,1.0,,,,-8.466256458306418,45.32594787884511,0.4765000000000015,79.49172006589589,-73.66099174492018
201,2024-07-10 00:52:00,129.29,129.53,129.53,129.29,1288464,166453248.0,1720543920,,,,,,,,,,,-5.071038834659362,45.32594787884511,0.4765000000000015,79.49172006589589,-64.24731993649411
202,2024-07-10 00:53:00,129.6,129.7,129.732,129.6,993104,128456704.0,1720543980,,,,,,,,,,,-0.8689298948083177,45.32594787884511,0.4765000000000015,79.49172006589589,4.507721638366409
203,2024-07-10 00:54:00,129.74,129.746,129.746,129.57,942416,121970688.0,1720544040,,,,,,,,,,,3.241533575204677,45.32594787884511,0.4765000000000015,79.49172006589589,64.74434593356895
204,2024-07-10 00:55:00,129.73,129.72,129.8,129.699,561200,72568832.0,1720544100,,,,,,,,,,,6.795472356192072,40.95098261316386,0.5062857142857159,79.49172006589589,73.94851213714634
205,2024-07-10 00:56:00,129.727,129.637,129.73,129.637,407584,52609024.0,1720544160,,,,,,,,,,,9.476521761245522,40.95098261316386,0.5062857142857159,79.49172006589589,76.1609584936075
206,2024-07-10 00:57:00,129.649,129.82,129.82,129.532,1053056,136198144.0,1720544220,,,,,,,,,,,13.09195645998313,40.95098261316386,0.5062857142857159,79.49172006589589,75.84851752287109
207,2024-07-10 00:58:00,129.877,130.05,130.05,129.877,956000,123910144.0,1720544280,,,,,,,,,,,17.836542645628718,40.95098261316386,0.5062857142857159,79.49172006589589,77.21197125389259
208,2024-07-10 00:59:00,130.14,130.207,130.24,130.14,808720,104890368.0,1720544340,,,,,,,,,,,23.162372840968438,40.95098261316386,0.5062857142857159,79.49172006589589,79.21112330664376
209,2024-07-10 01:00:00,130.18,130.21,130.23,130.052,773088,100311040.0,1720544400,,,,,,,,,,,27.94462380938895,38.41806278495872,0.5397142857142886,77.39675449249128,80.53485423721605
210,2024-07-10 01:01:00,130.142,130.041,130.149,130.041,440816,57200640.0,1720544460,,,,,,,,,,,31.1144909356822,38.41806278495872,0.5397142857142886,77.39675449249128,80.79568064152633
211,2024-07-10 01:02:00,129.965,130.22,130.22,129.864,692976,89909248.0,1720544520,,,,,,,,,,,35.10228780568117,38.41806278495872,0.5397142857142886,77.39675449249128,79.79258717960927
212,2024-07-10 01:03:00,130.24,130.307,130.36,130.16,588656,76365824.0,1720544580,,,,,,,,,,,39.2138937651966,38.41806278495872,0.5397142857142886,77.39675449249128,79.65392163312109
213,2024-07-10 01:04:00,130.35,130.34,130.42,130.325,573088,74547200.0,1720544640,,,,,,,,,,,43.07720891325641,38.41806278495872,0.5397142857142886,77.39675449249128,79.59329587154433
214,2024-07-10 01:05:00,130.39,130.46,130.46,130.37,515776,67125248.0,1720544700,,,,,,,,,,,47.27758642907354,37.027588575020786,0.5472857142857167,77.39675449249128,79.31681049874021
215,2024-07-10 01:06:00,130.52,130.5,130.52,130.428,542272,70512640.0,1720544760,,,,,,,,,,,51.25102472931988,37.027588575020786,0.5472857142857167,77.39675449249128,79.30159510010014
216,2024-07-10 01:07:00,130.46,130.38,130.49,130.38,395328,51384320.0,1720544820,,,,,,,,,,,54.162914113681204,37.027588575020786,0.5472857142857167,77.39675449249128,79.06990638364908
217,2024-07-10 01:08:00,130.42,130.39,130.42,130.359,332656,43186176.0,1720544880,,,,,,,,,,,56.89825594353937,37.027588575020786,0.5472857142857167,77.39675449249128,77.95931313608565
218,2024-07-10 01:09:00,130.439,130.49,130.514,130.439,466128,60579840.0,1720544940,,,,,,,,,,,60.21233285086055,37.027588575020786,0.5472857142857167,77.39675449249128,76.84009277544426
219,2024-07-10 01:10:00,130.461,130.466,130.5,130.42,275696,35842048.0,1720545000,,,,,,,,,,,63.23522675553896,35.86169951349942,0.5439285714285741,77.39675449249128,76.26239674302587
220,2024-07-10 01:11:00,130.496,130.367,130.496,130.367,352528,45795328.0,1720545060,,,,,,,,,,,65.38787423326166,35.86169951349942,0.5439285714285741,77.39675449249128,75.30061732121699
221,2024-07-10 01:12:00,130.34,130.24,130.34,130.175,664768,86327296.0,1720545120,,,,,,,,,,,66.34325426282444,35.86169951349942,0.5439285714285741,77.39675449249128,73.82245310542547
222,2024-07-10 01:13:00,130.24,130.03,130.25,130.03,499104,64735232.0,1720545180,,,,,,,,,,,66.02946106781151,35.86169951349942,0.5439285714285741,77.39675449249128,71.11274225805538
223,2024-07-10 01:14:00,129.989,130.27,130.29,129.989,633440,82126848.0,1720545240,,,,,,,,,,,67.51729484505897,35.86169951349942,0.5439285714285741,77.39675449249128,65.51469301710031
224,2024-07-10 01:15:00,130.32,130.16,130.32,130.16,308080,40001536.0,1720545300,,,,,,,,,,,67.96486732790613,32.105684462495816,0.5266428571428605,77.39675449249128,64.49997379021553
225,2024-07-10 01:16:00,130.13,129.99,130.142,129.99,378576,49076224.0,1720545360,,,,,,,,,,,67.0388896326296,32.105684462495816,0.5266428571428605,77.39675449249128,61.12025377927296
226,2024-07-10 01:17:00,130.04,130.056,130.13,130.04,319136,41332736.0,1720545420,,,,,,,,,,,66.97688066548662,32.105684462495816,0.5266428571428605,77.39675449249128,53.243805688907486
227,2024-07-10 01:18:00,129.94,129.7,129.94,129.7,733248,94816256.0,1720545480,,,,,,,,,,,64.1515539953164,32.105684462495816,0.5266428571428605,77.39675449249128,48.30998946473084
228,2024-07-10 01:19:00,129.73,129.58,129.73,129.53,587856,75931648.0,1720545540,,,,,,,,,,,60.852681431324825,32.105684462495816,0.5266428571428605,77.39675449249128,23.394903766358432
229,2024-07-10 01:20:00,129.62,129.615,129.72,129.55,620256,80123904.0,1720545600,,,,,,,,,,,58.236991462549994,26.775181947688097,0.5456428571428599,77.39675449249128,-10.329623152951717
230,2024-07-10 01:21:00,129.665,129.85,129.85,129.59,493824,63830016.0,1720545660,,,,,,,,,,,57.91210588921636,26.775181947688097,0.5456428571428599,77.39675449249128,-27.243227762743757
231,2024-07-10 01:22:00,129.81,129.67,129.81,129.56,507408,65587200.0,1720545720,,,,,,,,,,,56.43538994353655,26.775181947688097,0.5456428571428599,77.39675449249128,-20.09228856099473
232,2024-07-10 01:23:00,129.68,129.8,129.8,129.68,333072,43040768.0,1720545780,,,,,,,,,,,57.008140966108684,26.775181947688097,0.5456428571428599,77.39675449249128,-28.20721014522074
233,2024-07-10 01:24:00,129.78,129.681,129.873,129.681,492400,63756288.0,1720545840,,,,,,,,,,,56.82986816594345,26.775181947688097,0.5456428571428599,77.39675449249128,-23.741870546323337
234,2024-07-10 01:25:00,129.66,129.566,129.66,129.46,562832,72675328.0,1720545900,,,,,,,,,,,56.06408150087377,21.907971715239313,0.5482142857142865,77.39675449249128,-28.919188835062457
235,2024-07-10 01:26:00,129.5,129.62,129.67,129.44,486128,62771200.0,1720545960,,,,,,,,,,,55.91130601611491,21.907971715239313,0.5482142857142865,77.39675449249128,-38.39509209343912
236,2024-07-10 01:27:00,129.67,129.71,129.72,129.61,344496,44457984.0,1720546020,,,,,,,,,,,56.70045949651579,21.907971715239313,0.5482142857142865,77.39675449249128,-40.434808147098884
237,2024-07-10 01:28:00,129.69,129.52,129.69,129.52,364432,47036416.0,1720546080,,,,,,,,,,,55.57643023337802,21.907971715239313,0.5482142857142865,77.39675449249128,-36.42766248379241
238,2024-07-10 01:29:00,129.535,129.64,129.64,129.46,422736,54607872.0,1720546140,,,,,,,,,,,55.81619951486785,21.907971715239313,0.5482142857142865,77.39675449249128,-43.58040700106794
239,2024-07-10 01:30:00,129.69,129.79,129.79,129.69,453472,58677248.0,1720546200,,,,,,,,,,,57.58914789836554,18.48470896656515,0.5474999999999994,74.83502381654532,-41.55183267189997
240,2024-07-10 01:31:00,129.8,130.015,130.015,129.8,518992,67168256.0,1720546260,,,,,,,,,,,61.51851514412017,18.48470896656515,0.5474999999999994,74.83502381654532,-30.58887627684438
241,2024-07-10 01:32:00,130.005,130.09,130.09,130.005,399088,51716096.0,1720546320,,,,,,,,,,,65.78035384686572,18.48470896656515,0.5474999999999994,74.83502381654532,-1.6886031774356525
242,2024-07-10 01:33:00,130.101,130.21,130.21,130.095,497056,64458752.0,1720546380,,,,,,,,,,,70.80642495238617,18.48470896656515,0.5474999999999994,74.83502381654532,24.172278753567213
243,2024-07-10 01:34:00,130.215,130.22,130.22,130.182,399408,51791872.0,1720546440,,,,,,,,,,,74.90562394610707,18.48470896656515,0.5474999999999994,74.83502381654532,42.98671211771145
244,2024-07-10 01:35:00,130.21,130.21,130.21,130.181,280064,36333568.0,1720546500,,,,,,,,,,,77.96705673208066,17.088486344077907,0.5600000000000003,74.83502381654532,51.13044333197285
245,2024-07-10 01:36:00,130.24,130.25,130.25,130.13,350176,45453312.0,1720546560,,,,,,,,,,,80.58332713556442,17.088486344077907,0.5600000000000003,74.83502381654532,54.19063183610898
246,2024-07-10 01:37:00,130.24,130.09,130.24,130.09,361856,46934016.0,1720546620,,,,,,,,,,,79.43719315521963,17.088486344077907,0.5600000000000003,74.83502381654532,56.405066142518805
247,2024-07-10 01:38:00,130.1,130.11,130.11,130.02,364848,47273984.0,1720546680,,,,,,,,,,,78.70712809527325,17.088486344077907,0.5600000000000003,74.83502381654532,52.38534191862507
248,2024-07-10 01:39:00,130.1,130.09,130.1,130.09,189696,24563712.0,1720546740,,,,,,,,,,,77.64316155110703,17.088486344077907,0.5600000000000003,74.83502381654532,49.56406026939684
249,2024-07-10 01:40:00,130.09,130.16,130.16,130.09,237552,30812160.0,1720546800,,,,,,,,,,,77.87742059413446,15.739627595674321,0.5516428571428561,74.83502381654532,46.18902821010385
250,2024-07-10 01:41:00,130.207,130.18,130.23,130.18,309360,40148992.0,1720546860,,,,,,,,,,,78.38557014140368,15.739627595674321,0.5516428571428561,74.83502381654532,46.22544405159052
251,2024-07-10 01:42:00,130.125,130.14,130.14,130.04,250432,32446464.0,1720546920,,,,,,,,,,,78.0765523653261,15.739627595674321,0.5516428571428561,74.83502381654532,46.44259301302192
252,2024-07-10 01:43:00,130.18,130.115,130.21,130.111,250048,32423936.0,1720546980,,,,,,,,,,,77.3060356599987,15.739627595674321,0.5516428571428561,74.83502381654532,45.343076231301865
253,2024-07-10 01:44:00,130.14,130.168,130.168,130.113,220816,28618752.0,1720547040,,,,,,,,,,,77.50688547606242,15.739627595674321,0.5516428571428561,74.83502381654532,43.573858946177516
254,2024-07-10 01:45:00,130.156,130.085,130.156,130.08,171952,22263808.0,1720547100,,,,,,,,,,,76.1682371334708,14.339983756334817,0.5409999999999988,74.83502381654532,45.49565846974389
255,2024-07-10 01:46:00,130.042,130.07,130.07,129.96,425440,55152640.0,1720547160,,,,,,,,,,,74.66360018999751,14.339983756334817,0.5409999999999988,74.83502381654532,43.89224834065381
256,2024-07-10 01:47:00,130.059,130.016,130.16,129.992,277504,35928064.0,1720547220,,,,,,,,,,,72.3247597109867,14.339983756334817,0.5409999999999988,74.83502381654532,42.67184694343224
257,2024-07-10 01:48:00,129.984,129.975,130.124,129.975,368256,47691776.0,1720547280,,,,,,,,,,,69.47744903985554,14.339983756334817,0.5409999999999988,74.83502381654532,38.533308202083035
258,2024-07-10 01:49:00,129.97,130.06,130.064,129.93,318832,41357312.0,1720547340,,,,,,,,,,,68.41261625043971,14.339983756334817,0.5409999999999988,74.83502381654532,35.756645555936736
259,2024-07-10 01:50:00,130.02,129.95,130.02,129.94,231840,30001152.0,1720547400,,,,,,,,,,,65.48961447918839,12.670948550268434,0.5209999999999988,74.83502381654532,38.63276271619759
260,2024-07-10 01:51:00,129.92,130.08,130.08,129.92,295312,38236160.0,1720547460,,,,,,,,,,,65.22584700223393,12.670948550268434,0.5209999999999988,74.83502381654532,33.49968168309339
261,2024-07-10 01:52:00,129.93,130.08,130.08,129.93,269264,34854912.0,1720547520,,,,,,,,,,,64.97102942040391,12.670948550268434,0.5209999999999988,74.83502381654532,37.353998080478284
262,2024-07-10 01:53:00,130.06,130.171,130.171,130.06,482000,62580736.0,1720547580,,,,,,,,,,,66.34442480280347,12.670948550268434,0.5209999999999988,74.83502381654532,41.325121858608895
263,2024-07-10 01:54:00,130.216,130.22,130.229,130.17,331776,43114496.0,1720547640,,,,,,,,,,,68.60368167243323,12.670948550268434,0.5209999999999988,74.83502381654532,47.227359302496666
264,2024-07-10 01:55:00,130.261,130.19,130.31,130.19,405136,52570112.0,1720547700,,,,,,,,,,,70.10422344917276,12.168125517945711,0.5124999999999987,74.83502381654532,52.958755541810106
265,2024-07-10 01:56:00,130.15,130.035,130.174,130.035,324208,42072064.0,1720547760,,,,,,,,,,,70.47677988079505,12.168125517945711,0.5124999999999987,74.83502381654532,54.965787299490074
266,2024-07-10 01:57:00,129.995,130.221,130.249,129.995,451648,58576896.0,1720547820,,,,,,,,,,,75.10845816546427,12.168125517945711,0.5124999999999987,74.83502381654532,51.29190772178674
267,2024-07-10 01:58:00,130.25,130.24,130.25,130.174,275664,35751936.0,1720547880,,,,,,,,,,,79.61641991977825,12.168125517945711,0.5124999999999987,74.83502381654532,56.33568362477598
268,2024-07-10 01:59:00,130.24,130.249,130.266,130.23,236672,30670848.0,1720547940,,,,,,,,,,,83.78899968672071,12.168125517945711,0.5124999999999987,74.83502381654532,61.851001651782404
269,2024-07-10 02:00:00,130.25,130.2,130.25,130.18,238720,30971904.0,1720548000,,,,,,,,,,,86.58554239817863,11.842479031452186,0.41971428571428404,71.44079802936625,65.46159787221123
270,2024-07-10 02:01:00,130.18,130.22,130.27,130.18,228704,29638656.0,1720548060,,,,,,,,,,,89.46440340084236,11.842479031452186,0.41971428571428404,71.44079802936625,67.46548769588209
271,2024-07-10 02:02:00,130.245,130.35,130.37,130.245,483216,62816256.0,1720548120,,,,,,,,,,,93.53907892734166,11.842479031452186,0.41971428571428404,71.44079802936625,68.30389162201557
272,2024-07-10 02:03:00,130.38,130.3,130.38,130.26,284688,37019648.0,1720548180,,,,,,,,,,,95.89224540780071,11.842479031452186,0.41971428571428404,71.44079802936625,69.99878333292028
273,2024-07-10 02:04:00,130.21,130.16,130.21,130.07,510272,66154496.0,1720548240,,,,,,,,,,,95.07621080579773,11.842479031452186,0.41971428571428404,71.44079802936625,70.19196520839598
274,2024-07-10 02:05:00,130.121,130.11,130.121,130.072,166032,21504000.0,1720548300,,,,,,,,,,,93.26667012858545,11.403687858502963,0.3868571428571406,71.44079802936625,67.98748230789222
275,2024-07-10 02:06:00,130.09,129.965,130.09,129.965,335984,43573248.0,1720548360,,,,,,,,,,,88.64463493099441,11.403687858502963,0.3868571428571406,71.44079802936625,65.01715883787664
276,2024-07-10 02:07:00,129.96,130.06,130.11,129.96,288992,37488640.0,1720548420,,,,,,,,,,,86.40402158991016,11.403687858502963,0.3868571428571406,71.44079802936625,58.90167275144989
277,2024-07-10 02:08:00,130.06,129.99,130.07,129.99,200192,25919488.0,1720548480,,,,,,,,,,,82.93815689839317,11.403687858502963,0.3868571428571406,71.44079802936625,55.99103184676311
278,2024-07-10 02:09:00,130.0,130.09,130.17,130.0,211744,27426816.0,1720548540,,,,,,,,,,,81.84353383338325,11.403687858502963,0.3868571428571406,71.44079802936625,50.87703923295568
279,2024-07-10 02:10:00,130.1,130.12,130.19,130.1,210048,27224064.0,1720548600,,,,,,,,,,,81.44350416293028,11.758983220854759,0.3527142857142828,71.44079802936625,48.076943866202356
280,2024-07-10 02:11:00,130.143,130.06,130.16,130.06,167248,21657600.0,1720548660,,,,,,,,,,,79.6932847592627,11.758983220854759,0.3527142857142828,71.44079802936625,44.785741091759554
281,2024-07-10 02:12:00,130.11,130.229,130.229,130.11,271024,35115008.0,1720548720,,,,,,,,,,,81.61493990492548,11.758983220854759,0.3527142857142828,71.44079802936625,32.28014009201205
282,2024-07-10 02:13:00,130.21,130.21,130.235,130.18,196848,25528320.0,1720548780,,,,,,,,,,,82.90299358199482,11.758983220854759,0.3527142857142828,71.44079802936625,34.57850764352788
283,2024-07-10 02:14:00,130.23,130.12,130.23,130.12,170640,22163456.0,1720548840,,,,,,,,,,,80.34900526454098,11.758983220854759,0.3527142857142828,71.44079802936625,33.51387242241882
284,2024-07-10 02:15:00,130.13,130.15,130.193,130.13,132992,17201152.0,1720548900,,,,,,,,,,,77.66680778175677,12.284079953934565,0.32264285714285484,71.44079802936625,21.895927506388944
285,2024-07-10 02:16:00,130.13,130.19,130.195,130.13,185616,24037376.0,1720548960,,,,,,,,,,,74.93815342820179,12.284079953934565,0.32264285714285484,71.44079802936625,17.158701883542506
286,2024-07-10 02:17:00,130.21,130.21,130.21,130.19,191696,24846336.0,1720549020,,,,,,,,,,,73.31992128237141,12.284079953934565,0.32264285714285484,71.44079802936625,19.10853999543383
287,2024-07-10 02:18:00,130.22,130.226,130.27,130.2,188976,24483840.0,1720549080,,,,,,,,,,,72.5293224992023,12.284079953934565,0.32264285714285484,71.44079802936625,22.498106829774954
288,2024-07-10 02:19:00,130.24,130.15,130.24,130.15,286384,37148672.0,1720549140,,,,,,,,,,,68.65643482152001,12.284079953934565,0.32264285714285484,71.44079802936625,26.05603176508973
289,2024-07-10 02:20:00,130.21,130.288,130.31,130.21,316784,41146368.0,1720549200,,,,,,,,,,,70.93313517864343,13.418449260669831,0.32399999999999807,71.44079802936625,18.536548641664204
290,2024-07-10 02:21:00,130.314,130.35,130.35,130.314,286000,37144576.0,1720549260,,,,,,,,,,,75.5325367440154,13.418449260669831,0.32399999999999807,71.44079802936625,30.044440806121944
291,2024-07-10 02:22:00,130.314,130.23,130.36,130.23,254016,32921600.0,1720549320,,,,,,,,,,,74.6333780795872,13.418449260669831,0.32399999999999807,71.44079802936625,41.10623193190544
292,2024-07-10 02:23:00,130.16,130.22,130.26,130.09,531568,69007360.0,1720549380,,,,,,,,,,,73.40246504479094,13.418449260669831,0.32399999999999807,71.44079802936625,36.5071679416855
293,2024-07-10 02:24:00,130.2,130.223,130.3,130.2,241680,31356928.0,1720549440,,,,,,,,,,,72.41846259901527,13.418449260669831,0.32399999999999807,71.44079802936625,31.760695134757242
294,2024-07-10 02:25:00,130.27,130.33,130.335,130.27,279872,36354048.0,1720549500,,,,,,,,,,,75.97759155257384,14.682687701314961,0.307071428571427,71.44079802936625,28.332937512653583
295,2024-07-10 02:26:00,130.297,130.31,130.32,130.275,196000,25401344.0,1720549560,,,,,,,,,,,78.30552753652185,14.682687701314961,0.307071428571427,71.44079802936625,36.42800158717707
296,2024-07-10 02:27:00,130.26,130.266,130.27,130.2,241632,31381504.0,1720549620,,,,,,,,,,,78.53418614179631,14.682687701314961,0.307071428571427,71.44079802936625,39.00269415720145
297,2024-07-10 02:28:00,130.221,130.26,130.29,130.221,138528,17934336.0,1720549680,,,,,,,,,,,78.46935652079452,14.682687701314961,0.307071428571427,71.44079802936625,36.212666005539475
298,2024-07-10 02:29:00,130.22,130.18,130.22,130.14,253344,32843776.0,1720549740,,,,,,,,,,,75.0689609398379,14.682687701314961,0.307071428571427,71.44079802936625,33.236239469900696
299,2024-07-10 02:30:00,130.17,130.225,130.25,130.17,173984,22534144.0,1720549800,,,,,,,,,,,73.89397168755357,15.431521083318657,0.2756428571428578,68.26442039157229,23.204589614002323
300,2024-07-10 02:31:00,130.2,130.175,130.209,130.15,218288,28319744.0,1720549860,,,,,,,,,,,70.75939914685648,15.431521083318657,0.2756428571428578,68.26442039157229,21.501529418312263
301,2024-07-10 02:32:00,130.13,130.1,130.16,130.1,253520,32876544.0,1720549920,,,,,,,,,,,64.844786742249,15.431521083318657,0.2756428571428578,68.26442039157229,24.78881643067646
302,2024-07-10 02:33:00,130.138,130.04,130.138,130.04,243472,31522816.0,1720549980,,,,,,,,,,,57.08546252678181,15.431521083318657,0.2756428571428578,68.26442039157229,16.454967311746152
303,2024-07-10 02:34:00,130.06,130.24,130.24,130.06,294208,38146048.0,1720550040,,,,,,,,,,,58.49763659413662,15.431521083318657,0.2756428571428578,68.26442039157229,1.5097403152682025
304,2024-07-10 02:35:00,130.255,130.394,130.398,130.255,542144,70465536.0,1720550100,,,,,,,,,,,65.43348586779987,17.08420112715335,0.2717142857142879,68.26442039157229,21.207536873848024
305,2024-07-10 02:36:00,130.36,130.46,130.46,130.32,420176,54644736.0,1720550160,,,,,,,,,,,71.7852166023988,17.08420112715335,0.2717142857142879,68.26442039157229,44.052777717815346
306,2024-07-10 02:37:00,130.55,130.67,130.67,130.5,691760,90048512.0,1720550220,,,,,,,,,,,77.44367885741659,17.08420112715335,0.2717142857142879,68.26442039157229,52.75016475020442
307,2024-07-10 02:38:00,130.671,130.52,130.671,130.52,434224,56467456.0,1720550280,,,,,,,,,,,78.414319334633,17.08420112715335,0.2717142857142879,68.26442039157229,56.26936416896282
308,2024-07-10 02:39:00,130.5,130.5,130.52,130.47,320832,41746432.0,1720550340,,,,,,,,,,,78.72381765184511,17.08420112715335,0.2717142857142879,68.26442039157229,52.00180730474227
309,2024-07-10 02:40:00,130.465,130.59,130.59,130.465,335456,43649024.0,1720550400,,,,,,,,,,,81.40022217219496,20.06805969883385,0.2717857142857168,68.26442039157229,47.236210098320015
310,2024-07-10 02:41:00,130.55,130.58,130.59,130.55,290016,37744640.0,1720550460,,,,,,,,,,,83.49490865679243,20.06805969883385,0.2717857142857168,68.26442039157229,47.93288255286075
311,2024-07-10 02:42:00,130.55,130.57,130.57,130.53,238624,31019008.0,1720550520,,,,,,,,,,,85.06729340248711,20.06805969883385,0.2717857142857168,68.26442039157229,47.24873004906826
312,2024-07-10 02:43:00,130.555,130.6,130.6,130.55,208208,27076608.0,1720550580,,,,,,,,,,,87.24662394170801,20.06805969883385,0.2717857142857168,68.26442039157229,45.678565395549505
313,2024-07-10 02:44:00,130.6,130.63,130.63,130.55,209968,27322368.0,1720550640,,,,,,,,,,,89.96373872214949,20.06805969883385,0.2717857142857168,68.26442039157229,45.628411346572264
314,2024-07-10 02:45:00,130.67,130.751,130.78,130.67,496064,64665600.0,1720550700,,,,,,,,,,,92.77579063477023,24.27256982939673,0.25892857142857345,68.26442039157229,46.50994959199963
315,2024-07-10 02:46:00,130.715,130.831,130.831,130.715,431840,56262656.0,1720550760,,,,,,,,,,,95.91767049968016,24.27256982939673,0.25892857142857345,68.26442039157229,47.12836416237077
316,2024-07-10 02:47:00,130.77,130.77,130.79,130.73,351904,45830144.0,1720550820,,,,,,,,,,,97.33430462144486,24.27256982939673,0.25892857142857345,68.26442039157229,48.13386640158208
317,2024-07-10 02:48:00,130.762,130.8,130.865,130.762,347808,45318144.0,1720550880,,,,,,,,,,,98.51488624610113,24.27256982939673,0.25892857142857345,68.26442039157229,45.53360609889669
318,2024-07-10 02:49:00,130.88,130.87,130.89,130.86,451776,58961920.0,1720550940,,,,,,,,,,,100.47961270152587,24.27256982939673,0.25892857142857345,68.26442039157229,43.04708599654761
319,2024-07-10 02:50:00,130.88,130.79,130.89,130.77,342880,44652544.0,1720551000,,,,,,,,,,,100.53545164289903,28.821007787130497,0.25500000000000156,68.26442039157229,42.78873615414026
320,2024-07-10 02:51:00,130.775,130.681,130.78,130.681,395152,51499008.0,1720551060,,,,,,,,,,,98.294019634324,28.821007787130497,0.25500000000000156,68.26442039157229,36.60079122431639
321,2024-07-10 02:52:00,130.61,130.67,130.67,130.595,471856,61474816.0,1720551120,,,,,,,,,,,95.87244258239377,28.821007787130497,0.25500000000000156,68.26442039157229,19.574661695097806
322,2024-07-10 02:53:00,130.7,130.725,130.73,130.68,301040,39186432.0,1720551180,,,,,,,,,,,94.80121640759393,28.821007787130497,0.25500000000000156,68.26442039157229,4.8159062531722885
323,2024-07-10 02:54:00,130.66,130.63,130.7,130.63,239536,31207424.0,1720551240,,,,,,,,,,,91.50608761238436,28.821007787130497,0.25500000000000156,68.26442039157229,1.7525483349229676
324,2024-07-10 02:55:00,130.62,130.73,130.73,130.62,331024,43110400.0,1720551300,,,,,,,,,,,90.78583332871136,32.593208921917224,0.25535714285714406,68.26442039157229,-11.75512013454492
325,2024-07-10 02:56:00,130.74,130.561,130.74,130.561,319248,41578496.0,1720551360,,,,,,,,,,,86.31596497844075,32.593208921917224,0.25535714285714406,68.26442039157229,-7.992930614085486
326,2024-07-10 02:57:00,130.54,130.54,130.54,130.45,565504,73633792.0,1720551420,,,,,,,,,,,81.83884792020899,32.593208921917224,0.25535714285714406,68.26442039157229,-24.692895551968565
327,2024-07-10 02:58:00,130.5,130.811,130.811,130.5,677248,88295424.0,1720551480,,,,,,,,,,,83.92956309598145,32.593208921917224,0.25535714285714406,68.26442039157229,-35.063923512293904
328,2024-07-10 02:59:00,130.87,131.02,131.02,130.78,853872,111572992.0,1720551540,,,,,,,,,,,87.55713444056721,32.593208921917224,0.25535714285714406,68.26442039157229,-14.323311235208179
329,2024-07-10 03:00:00,131.029,131.085,131.1,131.025,558832,73013248.0,1720551600,,,,,,,,,,,90.50201351832061,37.87425130687758,0.2853571428571452,67.28579502175276,11.713326604581926
330,2024-07-10 03:01:00,131.11,131.03,131.11,130.976,431056,56328192.0,1720551660,,,,,,,,,,,91.94482650002107,37.87425130687758,0.2853571428571452,67.28579502175276,25.096168376704128
331,2024-07-10 03:02:00,131.05,131.17,131.17,131.05,438112,57292800.0,1720551720,,,,,,,,,,,94.63311632003035,37.87425130687758,0.2853571428571452,67.28579502175276,26.90179600358495
332,2024-07-10 03:03:00,131.172,131.17,131.19,131.13,379696,49631232.0,1720551780,,,,,,,,,,,96.66640111872417,37.87425130687758,0.2853571428571452,67.28579502175276,33.54092910298267
333,2024-07-10 03:04:00,131.215,131.161,131.215,131.161,475456,62212096.0,1720551840,,,,,,,,,,,97.89877390276666,37.87425130687758,0.2853571428571452,67.28579502175276,35.50269758134404
334,2024-07-10 03:05:00,131.165,131.191,131.191,131.11,403920,52744192.0,1720551900,,,,,,,,,,,99.44916404112786,43.16460612156256,0.2745714285714302,67.28579502175276,34.0801328841538
335,2024-07-10 03:06:00,131.2,131.21,131.23,131.193,455648,59578368.0,1720551960,,,,,,,,,,,100.86225572804904,43.16460612156256,0.2745714285714302,67.28579502175276,34.52448306551517
336,2024-07-10 03:07:00,131.23,131.3,131.3,131.221,546000,71383040.0,1720552020,,,,,,,,,,,102.40310884006038,43.16460612156256,0.2745714285714302,67.28579502175276,34.52303629291087
337,2024-07-10 03:08:00,131.33,131.195,131.33,131.14,510704,66787328.0,1720552080,,,,,,,,,,,101.73468262278976,43.16460612156256,0.2745714285714302,67.28579502175276,35.18668426272261
338,2024-07-10 03:09:00,131.29,131.25,131.29,131.205,259968,34007040.0,1720552140,,,,,,,,,,,101.9130026043295,43.16460612156256,0.2745714285714302,67.28579502175276,26.966153455612723
339,2024-07-10 03:10:00,131.27,131.334,131.334,131.27,334704,43773952.0,1720552200,,,,,,,,,,,103.21745962680316,50.45560387144289,0.26907142857143235,67.28579502175276,24.476658479653054
340,2024-07-10 03:11:00,131.345,131.345,131.36,131.32,365184,47765504.0,1720552260,,,,,,,,,,,104.12231509531142,50.45560387144289,0.26907142857143235,67.28579502175276,27.75951680282973
341,2024-07-10 03:12:00,131.34,131.192,131.34,131.192,343600,44867584.0,1720552320,,,,,,,,,,,102.67202132725305,50.45560387144289,0.26907142857143235,67.28579502175276,28.34919315402788
342,2024-07-10 03:13:00,131.18,131.13,131.22,131.12,490912,64051200.0,1720552380,,,,,,,,,,,100.44256990697002,50.45560387144289,0.26907142857143235,67.28579502175276,17.805207472809798
343,2024-07-10 03:14:00,131.14,131.27,131.27,131.14,304960,39837696.0,1720552440,,,,,,,,,,,100.44799797520983,50.45560387144289,0.26907142857143235,67.28579502175276,5.2417403448902835
344,2024-07-10 03:15:00,131.3,131.29,131.35,131.29,366608,47927296.0,1720552500,,,,,,,,,,,100.70999458291234,57.39414391535702,0.26407142857143284,67.28579502175276,8.107893696352283
345,2024-07-10 03:16:00,131.284,131.19,131.284,131.18,344640,45010944.0,1720552560,,,,,,,,,,,99.46368673609547,57.39414391535702,0.26407142857143284,67.28579502175276,11.301117210672528
346,2024-07-10 03:17:00,131.16,131.08,131.16,131.04,419136,54755328.0,1720552620,,,,,,,,,,,96.73056608754311,57.39414391535702,0.26407142857143284,67.28579502175276,5.27561634161936
347,2024-07-10 03:18:00,131.09,131.11,131.11,131.03,323328,42203136.0,1720552680,,,,,,,,,,,94.64862742435298,57.39414391535702,0.26407142857143284,67.28579502175276,-7.446034797903421
348,2024-07-10 03:19:00,131.08,131.085,131.096,131.02,448208,58445824.0,1720552740,,,,,,,,,,,91.69239611624775,57.39414391535702,0.26407142857143284,67.28579502175276,-12.820829163750359
349,2024-07-10 03:20:00,131.12,130.945,131.12,130.945,362208,47239168.0,1720552800,,,,,,,,,,,86.17359501250547,61.39163149176508,0.2722857142857192,67.28579502175276,-17.764538853774678
350,2024-07-10 03:21:00,130.98,130.984,130.984,130.905,503504,65671168.0,1720552860,,,,,,,,,,,80.97981559211576,61.39163149176508,0.2722857142857192,67.28579502175276,-29.737537227807294
351,2024-07-10 03:22:00,130.92,130.634,130.92,130.634,604512,78796800.0,1720552920,,,,,,,,,,,69.00592484921177,61.39163149176508,0.2722857142857192,67.28579502175276,-33.74166227699781
352,2024-07-10 03:23:00,130.581,130.605,130.68,130.573,561040,73064448.0,1720552980,,,,,,,,,,,57.74947286133815,61.39163149176508,0.2722857142857192,67.28579502175276,-50.63080340239078
353,2024-07-10 03:24:00,130.52,130.593,130.593,130.52,402368,52377600.0,1720553040,,,,,,,,,,,47.51087556287197,61.39163149176508,0.2722857142857192,67.28579502175276,-58.04702205018232
354,2024-07-10 03:25:00,130.56,130.59,130.61,130.56,427152,55687168.0,1720553100,,,,,,,,,,,38.38759785387768,62.69606488034998,0.2929285714285754,67.28579502175276,-61.678585723906956
355,2024-07-10 03:26:00,130.616,130.76,130.76,130.616,496432,64745472.0,1720553160,,,,,,,,,,,33.90818136438648,62.69606488034998,0.2929285714285754,67.28579502175276,-63.520278877072435
356,2024-07-10 03:27:00,130.73,130.9,130.939,130.73,449168,58615808.0,1720553220,,,,,,,,,,,32.946983952385494,62.69606488034998,0.2929285714285754,67.28579502175276,-61.33050030338033
357,2024-07-10 03:28:00,130.9,130.82,130.9,130.82,297952,38844416.0,1720553280,,,,,,,,,,,30.502925706714223,62.69606488034998,0.2929285714285754,67.28579502175276,-56.08180884606048
358,2024-07-10 03:29:00,130.87,130.83,130.87,130.8,279888,36460544.0,1720553340,,,,,,,,,,,28.629031244731465,62.69606488034998,0.2929285714285754,67.28579502175276,-54.02061598492762
359,2024-07-10 03:30:00,130.825,130.74,130.825,130.74,279024,36335616.0,1720553400,,,,,,,,,,,25.164903114465545,64.77155837891455,0.30500000000000277,65.71250200351008,-52.377928902470174
360,2024-07-10 03:31:00,130.72,130.83,130.83,130.64,372288,48480256.0,1720553460,,,,,,,,,,,24.06716462778232,64.77155837891455,0.30500000000000277,65.71250200351008,-54.12227451184857
361,2024-07-10 03:32:00,130.735,130.755,130.81,130.735,232464,30273536.0,1720553520,,,,,,,,,,,21.614447869315086,64.77155837891455,0.30500000000000277,65.71250200351008,-51.655905176577
362,2024-07-10 03:33:00,130.785,130.805,130.81,130.785,178272,23173120.0,1720553580,,,,,,,,,,,20.580818034876756,64.77155837891455,0.30500000000000277,65.71250200351008,-52.47610261945861
363,2024-07-10 03:34:00,130.72,130.651,130.72,130.651,311200,40460288.0,1720553640,,,,,,,,,,,16.528135438138662,64.77155837891455,0.30500000000000277,65.71250200351008,-50.67502112863888
364,2024-07-10 03:35:00,130.67,130.74,130.745,130.669,238320,31045632.0,1720553700,,,,,,,,,,,14.891617385865516,66.58845385948884,0.2992857142857182,65.71250200351008,-55.02748162545005
365,2024-07-10 03:36:00,130.77,130.95,130.95,130.77,519168,67739648.0,1720553760,,,,,,,,,,,17.951735912729077,66.58845385948884,0.2992857142857182,65.71250200351008,-54.1850877780184
366,2024-07-10 03:37:00,130.99,130.96,130.99,130.92,421264,54976512.0,1720553820,,,,,,,,,,,20.991866124064273,66.58845385948884,0.2992857142857182,65.71250200351008,-43.484308182717164
367,2024-07-10 03:38:00,130.81,130.715,130.81,130.68,438160,57100288.0,1720553880,,,,,,,,,,,18.65064525139445,66.58845385948884,0.2992857142857182,65.71250200351008,-32.23835937578749
368,2024-07-10 03:39:00,130.75,130.74,130.76,130.72,388736,50640896.0,1720553940,,,,,,,,,,,17.18274663343044,66.58845385948884,0.2992857142857182,65.71250200351008,-41.31577595310823
369,2024-07-10 03:40:00,130.73,130.79,130.79,130.685,319520,41584640.0,1720554000,,,,,,,,,,,17.019373266218906,68.85336488229262,0.30785714285714505,65.71250200351008,-44.3992652505489
370,2024-07-10 03:41:00,130.76,130.87,130.87,130.76,382352,49829888.0,1720554060,,,,,,,,,,,18.647569097974355,68.85336488229262,0.30785714285714505,65.71250200351008,-43.052454051146945
371,2024-07-10 03:42:00,130.87,130.95,130.95,130.87,406832,53071872.0,1720554120,,,,,,,,,,,21.367645877816344,68.85336488229262,0.30785714285714505,65.71250200351008,-36.35529575677314
372,2024-07-10 03:43:00,130.971,131.15,131.15,130.955,743936,97122304.0,1720554180,,,,,,,,,,,28.20805914166796,68.85336488229262,0.30785714285714505,65.71250200351008,-23.754481269049187
373,2024-07-10 03:44:00,131.091,131.061,131.16,131.061,462704,60391424.0,1720554240,,,,,,,,,,,32.34991559712584,68.85336488229262,0.30785714285714505,65.71250200351008,8.554724764197317
374,2024-07-10 03:45:00,131.095,131.13,131.13,131.057,340784,44439552.0,1720554300,,,,,,,,,,,37.67024002953296,73.03039056350332,0.31085714285714516,65.71250200351008,19.103533728570778
375,2024-07-10 03:46:00,130.96,130.87,130.96,130.87,618976,80617472.0,1720554360,,,,,,,,,,,36.544817875706215,73.03039056350332,0.31085714285714516,65.71250200351008,30.86444062679873
376,2024-07-10 03:47:00,130.75,130.92,130.931,130.75,488256,63600640.0,1720554420,,,,,,,,,,,36.72478004278713,73.03039056350332,0.31085714285714516,65.71250200351008,13.288645241304737
377,2024-07-10 03:48:00,130.879,131.02,131.02,130.879,389232,50688000.0,1720554480,,,,,,,,,,,39.20509832824932,73.03039056350332,0.31085714285714516,65.71250200351008,5.883722764972492
378,2024-07-10 03:49:00,131.1,130.974,131.1,130.974,379264,49438720.0,1720554540,,,,,,,,,,,40.40947568233756,73.03039056350332,0.31085714285714516,65.71250200351008,11.939815341702854
379,2024-07-10 03:50:00,131.015,131.11,131.14,131.015,455344,59447296.0,1720554600,,,,,,,,,,,44.61341604214722,76.5789364068347,0.31364285714285856,65.71250200351008,10.573496225121715
380,2024-07-10 03:51:00,131.18,131.41,131.41,131.18,1088144,142407680.0,1720554660,,,,,,,,,,,54.07723335094961,76.5789364068347,0.31364285714285856,65.71250200351008,23.28906701452158
381,2024-07-10 03:52:00,131.4,131.335,131.4,131.26,796400,104095744.0,1720554720,,,,,,,,,,,60.91488405589439,76.5789364068347,0.31364285714285856,65.71250200351008,46.54685557710502
382,2024-07-10 03:53:00,131.35,131.43,131.43,131.35,537104,70170624.0,1720554780,,,,,,,,,,,68.61798289315169,76.5789364068347,0.31364285714285856,65.71250200351008,52.01019180934775
383,2024-07-10 03:54:00,131.43,131.46,131.475,131.43,667520,87328768.0,1720554840,,,,,,,,,,,75.16753899179007,76.5789364068347,0.31364285714285856,65.71250200351008,56.74534287836495
384,2024-07-10 03:55:00,131.475,131.52,131.52,131.41,1108784,145197056.0,1720554900,,,,,,,,,,,81.27649029280656,82.34032204025632,0.32507142857142973,65.71250200351008,58.12125081841187
385,2024-07-10 03:56:00,131.345,131.03,131.345,131.03,1111328,145432576.0,1720554960,,,,,,,,,,,77.31683680261271,82.34032204025632,0.32507142857142973,65.71250200351008,58.78213060006742
386,2024-07-10 03:57:00,130.96,131.16,131.17,130.96,886336,115724288.0,1720555020,,,,,,,,,,,76.2350193764766,82.34032204025632,0.32507142857142973,65.71250200351008,28.955840956140733
387,2024-07-10 03:58:00,131.11,131.2,131.255,131.11,728896,95094784.0,1720555080,,,,,,,,,,,76.00270277692465,82.34032204025632,0.32507142857142973,65.71250200351008,8.778895142291013
388,2024-07-10 03:59:00,131.265,131.37,131.412,131.265,843616,110145536.0,1720555140,,,,,,,,,,,79.01365052675115,82.34032204025632,0.32507142857142973,65.71250200351008,-0.590044222473622
389,2024-07-10 04:00:00,131.33,131.38,132.33,131.09,25668768,3366889472.0,1720555200,,,,,,,,,,,74.49909955382297,83.3502372346368,0.41042857142857414,65.70044518686313,14.535086795044856
