,dt,open,close,high,low,vol,turnover,ts
0,2021-09-28 21:31:00,140.68,140.911,143.163,140.15,3906338,559258048.0,1632835860
1,2021-09-28 21:32:00,141.13,140.95,141.13,140.93,583551,83774464.0,1632835920
2,2021-09-28 21:33:00,140.88,140.87,141.04,140.87,510688,73295232.0,1632835980
3,2021-09-28 21:34:00,140.978,140.52,140.978,140.52,646957,92734208.0,1632836040
4,2021-09-28 21:35:00,140.6,140.63,140.76,140.6,563958,80775040.0,1632836100
5,2021-09-28 21:36:00,140.538,140.49,140.675,140.47,709113,101445824.0,1632836160
6,2021-09-28 21:37:00,140.42,140.6,140.6,140.42,602366,86183424.0,1632836220
7,2021-09-28 21:38:00,140.535,140.89,140.89,140.535,530480,75998976.0,1632836280
8,2021-09-28 21:39:00,140.969,140.93,140.969,140.84,416030,59672704.0,1632836340
9,2021-09-28 21:40:00,140.81,140.97,141.01,140.69,418099,59962368.0,1632836400
10,2021-09-28 21:41:00,140.915,140.955,140.99,140.842,515753,74003072.0,1632836460
11,2021-09-28 21:42:00,140.94,141.241,141.241,140.94,469612,67450880.0,1632836520
12,2021-09-28 21:43:00,141.3,141.099,141.419,141.099,529766,76188672.0,1632836580
13,2021-09-28 21:44:00,141.044,140.975,141.085,140.975,393433,56491648.0,1632836640
14,2021-09-28 21:45:00,140.915,141.085,141.09,140.915,375088,53845248.0,1632836700
15,2021-09-28 21:46:00,141.02,141.27,141.27,141.02,458565,65883392.0,1632836760
16,2021-09-28 21:47:00,141.37,141.22,141.38,141.21,572764,82383744.0,1632836820
17,2021-09-28 21:48:00,141.26,141.305,141.375,141.255,387564,55734272.0,1632836880
18,2021-09-28 21:49:00,141.37,141.32,141.375,141.32,387668,55778304.0,1632836940
19,2021-09-28 21:50:00,141.18,141.025,141.18,141.025,449092,64515200.0,1632837000
20,2021-09-28 21:51:00,141.03,141.32,141.33,141.03,413515,59421824.0,1632837060
21,2021-09-28 21:52:00,141.33,141.412,141.56,141.33,457653,65922048.0,1632837120
22,2021-09-28 21:53:00,141.445,141.5,141.69,141.445,386459,55695872.0,1632837180
23,2021-09-28 21:54:00,141.505,141.685,141.796,141.505,367017,52941184.0,1632837240
24,2021-09-28 21:55:00,141.92,141.925,141.96,141.89,440489,63623936.0,1632837300
25,2021-09-28 21:56:00,141.832,141.709,141.832,141.709,372552,53769984.0,1632837360
26,2021-09-28 21:57:00,141.65,142.08,142.08,141.65,302884,43723776.0,1632837420
27,2021-09-28 21:58:00,142.1,142.01,142.16,142.01,309092,44763648.0,1632837480
28,2021-09-28 21:59:00,142.09,142.08,142.099,142.04,181210,26225920.0,1632837540
29,2021-09-28 22:00:00,142.03,142.013,142.07,142.013,239294,34610432.0,1632837600
30,2021-09-28 22:01:00,141.83,141.829,141.86,141.783,367500,53056512.0,1632837660
31,2021-09-28 22:02:00,141.755,141.621,141.755,141.61,396788,57229824.0,1632837720
32,2021-09-28 22:03:00,141.692,141.57,141.692,141.57,297606,42908672.0,1632837780
33,2021-09-28 22:04:00,141.47,141.535,141.56,141.465,371172,53486848.0,1632837840
34,2021-09-28 22:05:00,141.515,141.72,141.72,141.51,314204,45298432.0,1632837900
35,2021-09-28 22:06:00,141.705,141.663,141.78,141.663,258136,37240832.0,1632837960
36,2021-09-28 22:07:00,141.655,141.51,141.655,141.48,248100,35765248.0,1632838020
37,2021-09-28 22:08:00,141.36,141.43,141.45,141.36,245668,35368704.0,1632838080
38,2021-09-28 22:09:00,141.368,141.267,141.37,141.267,288648,41540864.0,1632838140
39,2021-09-28 22:10:00,141.29,141.435,141.435,141.28,242900,34952192.0,1632838200
40,2021-09-28 22:11:00,141.46,141.575,141.6,141.46,248200,35773184.0,1632838260
41,2021-09-28 22:12:00,141.52,141.62,141.62,141.455,201214,29003520.0,1632838320
42,2021-09-28 22:13:00,141.588,141.535,141.588,141.455,206810,29807104.0,1632838380
43,2021-09-28 22:14:00,141.497,141.677,141.677,141.491,205776,29658112.0,1632838440
44,2021-09-28 22:15:00,141.648,141.645,141.69,141.56,236160,34053888.0,1632838500
45,2021-09-28 22:16:00,141.57,141.53,141.57,141.42,354500,51080192.0,1632838560
46,2021-09-28 22:17:00,141.53,141.68,141.7,141.53,273968,39512832.0,1632838620
47,2021-09-28 22:18:00,141.6,141.41,141.6,141.39,266880,38453248.0,1632838680
48,2021-09-28 22:19:00,141.382,141.155,141.382,141.155,331932,47744768.0,1632838740
49,2021-09-28 22:20:00,141.08,140.831,141.08,140.831,493416,70839040.0,1632838800
50,2021-09-28 22:21:00,140.81,140.74,140.81,140.74,265140,38027776.0,1632838860
51,2021-09-28 22:22:00,140.705,140.7,140.705,140.605,380512,54536960.0,1632838920
52,2021-09-28 22:23:00,140.67,140.85,140.85,140.67,454544,65162752.0,1632838980
53,2021-09-28 22:24:00,140.83,140.89,140.91,140.815,260174,37328384.0,1632839040
54,2021-09-28 22:25:00,140.84,140.962,140.962,140.78,255632,36681728.0,1632839100
55,2021-09-28 22:26:00,140.945,140.82,140.945,140.77,219662,31520768.0,1632839160
56,2021-09-28 22:27:00,140.75,140.71,140.75,140.59,245164,35143424.0,1632839220
57,2021-09-28 22:28:00,140.69,140.922,140.922,140.69,380848,54617600.0,1632839280
58,2021-09-28 22:29:00,140.94,141.052,141.08,140.91,229720,32982784.0,1632839340
59,2021-09-28 22:30:00,141.06,141.16,141.16,140.99,285734,41043456.0,1632839400
60,2021-09-28 22:31:00,141.078,141.155,141.155,141.005,353880,50838272.0,1632839460
61,2021-09-28 22:32:00,141.045,141.055,141.095,141.045,219154,31492608.0,1632839520
62,2021-09-28 22:33:00,141.08,140.837,141.08,140.837,250696,35986688.0,1632839580
63,2021-09-28 22:34:00,140.775,140.785,140.82,140.77,207912,29826816.0,1632839640
64,2021-09-28 22:35:00,140.79,140.84,140.84,140.785,208338,29888768.0,1632839700
65,2021-09-28 22:36:00,140.82,140.625,140.82,140.62,277702,39812608.0,1632839760
66,2021-09-28 22:37:00,140.73,140.865,140.865,140.73,246598,35365120.0,1632839820
67,2021-09-28 22:38:00,140.83,140.87,140.87,140.71,206010,29546752.0,1632839880
68,2021-09-28 22:39:00,140.843,140.913,141.0,140.843,306404,43973376.0,1632839940
69,2021-09-28 22:40:00,140.93,140.89,140.93,140.83,212518,30496256.0,1632840000
70,2021-09-28 22:41:00,140.815,140.699,140.83,140.699,187574,26903040.0,1632840060
71,2021-09-28 22:42:00,140.768,140.68,140.81,140.68,156714,22475520.0,1632840120
72,2021-09-28 22:43:00,140.69,140.786,140.81,140.685,170344,24424192.0,1632840180
73,2021-09-28 22:44:00,140.735,140.595,140.735,140.595,239022,34259968.0,1632840240
74,2021-09-28 22:45:00,140.59,140.57,140.645,140.552,265284,38001664.0,1632840300
75,2021-09-28 22:46:00,140.58,140.558,140.58,140.545,230204,32971520.0,1632840360
76,2021-09-28 22:47:00,140.52,140.44,140.58,140.44,401744,57596672.0,1632840420
77,2021-09-28 22:48:00,140.495,140.54,140.54,140.435,250312,35819264.0,1632840480
78,2021-09-28 22:49:00,140.6,140.618,140.709,140.6,264876,37940224.0,1632840540
79,2021-09-28 22:50:00,140.525,140.495,140.53,140.445,219366,31391744.0,1632840600
80,2021-09-28 22:51:00,140.49,140.25,140.49,140.25,331814,47422976.0,1632840660
81,2021-09-28 22:52:00,140.31,140.485,140.49,140.31,303610,43411456.0,1632840720
82,2021-09-28 22:53:00,140.37,140.45,140.45,140.34,153998,22016512.0,1632840780
83,2021-09-28 22:54:00,140.37,140.38,140.435,140.355,154364,22068224.0,1632840840
84,2021-09-28 22:55:00,140.37,140.33,140.37,140.32,152268,21757952.0,1632840900
85,2021-09-28 22:56:00,140.314,140.345,140.395,140.314,183288,26200576.0,1632840960
86,2021-09-28 22:57:00,140.35,140.39,140.45,140.35,207752,29708288.0,1632841020
87,2021-09-28 22:58:00,140.37,140.34,140.41,140.34,140780,20123136.0,1632841080
88,2021-09-28 22:59:00,140.335,140.22,140.335,140.22,378016,53997568.0,1632841140
89,2021-09-28 23:00:00,140.225,140.355,140.355,140.225,256674,36685824.0,1632841200
90,2021-09-28 23:01:00,140.39,140.28,140.39,140.28,345150,49362432.0,1632841260
91,2021-09-28 23:02:00,140.225,140.24,140.3,140.225,192090,27430912.0,1632841320
92,2021-09-28 23:03:00,140.23,140.205,140.25,140.205,160346,22892032.0,1632841380
93,2021-09-28 23:04:00,140.23,140.345,140.345,140.23,234864,33552896.0,1632841440
94,2021-09-28 23:05:00,140.275,140.19,140.275,140.19,163892,23402496.0,1632841500
95,2021-09-28 23:06:00,140.155,140.15,140.16,140.13,300372,42843136.0,1632841560
96,2021-09-28 23:07:00,140.19,140.25,140.29,140.19,232216,33170944.0,1632841620
97,2021-09-28 23:08:00,140.239,140.241,140.255,140.18,137108,19576320.0,1632841680
98,2021-09-28 23:09:00,140.275,140.085,140.275,140.085,213436,30462976.0,1632841740
99,2021-09-28 23:10:00,140.04,140.085,140.12,140.04,194800,27790848.0,1632841800
100,2021-09-28 23:11:00,140.085,140.175,140.2,140.085,208556,29780480.0,1632841860
101,2021-09-28 23:12:00,140.22,140.23,140.23,140.215,154244,22021120.0,1632841920
102,2021-09-28 23:13:00,140.26,140.155,140.26,140.12,200180,28581888.0,1632841980
103,2021-09-28 23:14:00,140.13,140.13,140.155,140.12,150888,21530112.0,1632842040
104,2021-09-28 23:15:00,140.092,140.025,140.15,140.025,271784,38770688.0,1632842100
105,2021-09-28 23:16:00,140.025,139.969,140.035,139.95,364388,51962880.0,1632842160
106,2021-09-28 23:17:00,139.96,139.96,140.015,139.93,336512,47961600.0,1632842220
107,2021-09-28 23:18:00,139.907,139.945,139.945,139.88,374788,53410816.0,1632842280
108,2021-09-28 23:19:00,139.905,139.965,139.965,139.88,220052,31360512.0,1632842340
109,2021-09-28 23:20:00,140.005,140.04,140.045,139.98,264200,37677568.0,1632842400
110,2021-09-28 23:21:00,139.992,140.09,140.09,139.955,209596,29901824.0,1632842460
111,2021-09-28 23:22:00,140.061,140.145,140.16,140.061,196492,28043776.0,1632842520
112,2021-09-28 23:23:00,140.195,140.168,140.24,140.168,173576,24788480.0,1632842580
113,2021-09-28 23:24:00,140.15,140.19,140.245,140.15,174148,24870912.0,1632842640
114,2021-09-28 23:25:00,140.17,140.247,140.247,140.17,107264,15313920.0,1632842700
115,2021-09-28 23:26:00,140.22,140.295,140.335,140.201,178948,25557504.0,1632842760
116,2021-09-28 23:27:00,140.27,140.205,140.32,140.205,270016,38578176.0,1632842820
117,2021-09-28 23:28:00,140.215,140.29,140.29,140.215,139704,19953152.0,1632842880
118,2021-09-28 23:29:00,140.27,140.155,140.295,140.155,175760,25095168.0,1632842940
119,2021-09-28 23:30:00,140.065,140.19,140.2,140.065,191656,27349504.0,1632843000
120,2021-09-28 23:31:00,140.15,140.155,140.245,140.085,157944,22543872.0,1632843060
121,2021-09-28 23:32:00,140.14,140.11,140.14,140.1,120536,17204736.0,1632843120
122,2021-09-28 23:33:00,140.115,140.16,140.16,140.065,151812,21661184.0,1632843180
123,2021-09-28 23:34:00,140.19,140.049,140.19,140.049,226196,32283136.0,1632843240
124,2021-09-28 23:35:00,140.06,140.41,140.41,140.06,353808,50548736.0,1632843300
125,2021-09-28 23:36:00,140.36,140.36,140.41,140.32,278736,39854080.0,1632843360
126,2021-09-28 23:37:00,140.325,140.255,140.325,140.255,175232,25049088.0,1632843420
127,2021-09-28 23:38:00,140.26,140.22,140.28,140.215,176104,25149952.0,1632843480
128,2021-09-28 23:39:00,140.235,140.31,140.31,140.18,179056,25575936.0,1632843540
129,2021-09-28 23:40:00,140.32,140.405,140.46,140.313,239616,34257920.0,1632843600
130,2021-09-28 23:41:00,140.38,140.36,140.4,140.36,154728,22118912.0,1632843660
131,2021-09-28 23:42:00,140.35,140.45,140.45,140.315,152708,21829120.0,1632843720
132,2021-09-28 23:43:00,140.46,140.434,140.485,140.434,230396,32953344.0,1632843780
133,2021-09-28 23:44:00,140.36,140.195,140.36,140.195,175544,25076224.0,1632843840
134,2021-09-28 23:45:00,140.161,140.157,140.165,140.151,171824,24527360.0,1632843900
135,2021-09-28 23:46:00,140.09,140.04,140.162,140.04,195996,27966464.0,1632843960
136,2021-09-28 23:47:00,140.065,140.046,140.075,140.04,166836,23792640.0,1632844020
137,2021-09-28 23:48:00,140.06,140.04,140.06,140.015,140364,20018176.0,1632844080
138,2021-09-28 23:49:00,140.029,140.18,140.18,140.029,362580,51745280.0,1632844140
139,2021-09-28 23:50:00,140.178,140.15,140.178,140.13,141112,20140032.0,1632844200
140,2021-09-28 23:51:00,140.12,140.02,140.12,140.0,156108,22262784.0,1632844260
141,2021-09-28 23:52:00,140.0,140.0,140.035,139.987,224460,32000512.0,1632844320
142,2021-09-28 23:53:00,139.965,139.94,140.02,139.94,185960,26505216.0,1632844380
143,2021-09-28 23:54:00,139.87,139.98,139.98,139.87,259632,37005824.0,1632844440
144,2021-09-28 23:55:00,139.965,140.08,140.095,139.965,384712,54898688.0,1632844500
145,2021-09-28 23:56:00,140.1,140.13,140.185,140.08,268668,38356992.0,1632844560
146,2021-09-28 23:57:00,140.09,140.1,140.19,140.09,119940,17119744.0,1632844620
147,2021-09-28 23:58:00,140.1,140.111,140.111,140.02,120652,17216512.0,1632844680
148,2021-09-28 23:59:00,140.108,140.16,140.16,140.083,135480,19335680.0,1632844740
149,2021-09-29 00:00:00,140.16,140.18,140.195,140.115,158852,22677504.0,1632844800
150,2021-09-29 00:01:00,140.17,140.095,140.225,139.95,415884,59344384.0,1632844860
151,2021-09-29 00:02:00,140.0,140.0,140.023,139.995,209540,29891584.0,1632844920
152,2021-09-29 00:03:00,140.0,139.895,140.02,139.895,226780,32336384.0,1632844980
153,2021-09-29 00:04:00,139.875,139.895,139.895,139.83,313868,44718080.0,1632845040
154,2021-09-29 00:05:00,139.887,139.885,139.887,139.83,128576,18320896.0,1632845100
155,2021-09-29 00:06:00,139.92,139.87,139.92,139.83,240688,34292736.0,1632845160
156,2021-09-29 00:07:00,139.925,139.83,139.925,139.83,190716,27177984.0,1632845220
157,2021-09-29 00:08:00,139.879,140.12,140.12,139.879,341684,48721408.0,1632845280
158,2021-09-29 00:09:00,140.11,140.12,140.12,140.05,195564,27907584.0,1632845340
159,2021-09-29 00:10:00,140.12,140.11,140.135,140.091,100684,14371840.0,1632845400
160,2021-09-29 00:11:00,140.12,140.07,140.12,140.06,123632,17637888.0,1632845460
161,2021-09-29 00:12:00,140.03,140.215,140.215,140.03,220676,31499264.0,1632845520
162,2021-09-29 00:13:00,140.255,140.2,140.255,140.197,169724,24228864.0,1632845580
163,2021-09-29 00:14:00,140.23,140.248,140.248,140.194,83792,11965952.0,1632845640
164,2021-09-29 00:15:00,140.23,140.195,140.23,140.19,131328,18757120.0,1632845700
165,2021-09-29 00:16:00,140.18,140.21,140.23,140.18,202972,28983808.0,1632845760
166,2021-09-29 00:17:00,140.285,140.3,140.337,140.285,154512,22087168.0,1632845820
167,2021-09-29 00:18:00,140.302,140.281,140.329,140.281,146784,20977664.0,1632845880
168,2021-09-29 00:19:00,140.26,140.327,140.328,140.26,126812,18118144.0,1632845940
169,2021-09-29 00:20:00,140.33,140.185,140.33,140.185,218032,31139840.0,1632846000
170,2021-09-29 00:21:00,140.21,140.14,140.225,140.14,94624,13508608.0,1632846060
171,2021-09-29 00:22:00,140.129,140.12,140.14,140.11,132736,18946048.0,1632846120
172,2021-09-29 00:23:00,140.159,140.27,140.27,140.13,93664,13384704.0,1632846180
173,2021-09-29 00:24:00,140.27,140.27,140.31,140.27,136600,19523072.0,1632846240
174,2021-09-29 00:25:00,140.265,140.26,140.32,140.26,135836,19410432.0,1632846300
175,2021-09-29 00:26:00,140.261,140.24,140.27,140.24,130360,18630144.0,1632846360
176,2021-09-29 00:27:00,140.265,140.31,140.335,140.265,163440,23359488.0,1632846420
177,2021-09-29 00:28:00,140.27,140.19,140.28,140.19,123828,17684992.0,1632846480
178,2021-09-29 00:29:00,140.18,140.24,140.24,140.18,81268,11604992.0,1632846540
179,2021-09-29 00:30:00,140.25,140.21,140.26,140.2,107560,15356416.0,1632846600
180,2021-09-29 00:31:00,140.17,140.06,140.175,140.06,147388,21037056.0,1632846660
181,2021-09-29 00:32:00,140.02,140.076,140.076,140.02,111996,15978496.0,1632846720
182,2021-09-29 00:33:00,139.99,140.065,140.065,139.975,112660,16070144.0,1632846780
183,2021-09-29 00:34:00,140.04,140.04,140.085,140.04,133600,19067904.0,1632846840
184,2021-09-29 00:35:00,140.015,140.01,140.06,140.01,94936,13538304.0,1632846900
185,2021-09-29 00:36:00,140.0,140.0,140.0,139.98,101264,14441984.0,1632846960
186,2021-09-29 00:37:00,140.015,140.01,140.05,140.01,106824,15240704.0,1632847020
187,2021-09-29 00:38:00,140.01,140.007,140.04,140.001,76252,10871808.0,1632847080
188,2021-09-29 00:39:00,140.015,139.97,140.015,139.965,126868,18090496.0,1632847140
189,2021-09-29 00:40:00,139.975,139.997,140.0,139.967,96064,13700608.0,1632847200
190,2021-09-29 00:41:00,139.96,139.93,139.96,139.905,185816,26478080.0,1632847260
191,2021-09-29 00:42:00,139.922,139.895,139.935,139.895,125320,17859072.0,1632847320
192,2021-09-29 00:43:00,139.905,139.77,139.905,139.77,385008,54829568.0,1632847380
193,2021-09-29 00:44:00,139.78,139.7,139.78,139.7,167624,23867904.0,1632847440
194,2021-09-29 00:45:00,139.692,139.67,139.692,139.665,122668,17460224.0,1632847500
195,2021-09-29 00:46:00,139.655,139.665,139.68,139.618,286724,40799744.0,1632847560
196,2021-09-29 00:47:00,139.7,139.68,139.71,139.665,161800,23042560.0,1632847620
197,2021-09-29 00:48:00,139.61,139.645,139.645,139.596,162116,23062016.0,1632847680
198,2021-09-29 00:49:00,139.605,139.52,139.605,139.52,186748,26548736.0,1632847740
199,2021-09-29 00:50:00,139.51,139.52,139.52,139.479,183700,26100736.0,1632847800
200,2021-09-29 00:51:00,139.483,139.531,139.531,139.46,325796,46288896.0,1632847860
201,2021-09-29 00:52:00,139.549,139.542,139.55,139.515,140280,19945984.0,1632847920
202,2021-09-29 00:53:00,139.55,139.579,139.63,139.55,305528,43466752.0,1632847980
203,2021-09-29 00:54:00,139.5,139.53,139.59,139.5,183168,26041856.0,1632848040
204,2021-09-29 00:55:00,139.48,139.51,139.51,139.48,158384,22515712.0,1632848100
205,2021-09-29 00:56:00,139.52,139.485,139.53,139.465,205336,29183488.0,1632848160
206,2021-09-29 00:57:00,139.525,139.56,139.59,139.525,168152,23917568.0,1632848220
207,2021-09-29 00:58:00,139.58,139.39,139.58,139.39,699036,99223552.0,1632848280
208,2021-09-29 00:59:00,139.34,139.425,139.431,139.34,268328,38103040.0,1632848340
209,2021-09-29 01:00:00,139.365,139.41,139.46,139.365,309744,44003840.0,1632848400
210,2021-09-29 01:01:00,139.38,139.29,139.42,139.29,345872,49102336.0,1632848460
211,2021-09-29 01:02:00,139.365,139.381,139.395,139.355,206052,29248512.0,1632848520
212,2021-09-29 01:03:00,139.35,139.34,139.38,139.295,174568,24781312.0,1632848580
213,2021-09-29 01:04:00,139.34,139.415,139.415,139.34,233972,33222656.0,1632848640
214,2021-09-29 01:05:00,139.41,139.5,139.508,139.41,238216,33845760.0,1632848700
215,2021-09-29 01:06:00,139.42,139.251,139.42,139.251,240812,34179072.0,1632848760
216,2021-09-29 01:07:00,139.29,139.57,139.57,139.29,376012,53421056.0,1632848820
217,2021-09-29 01:08:00,139.549,139.57,139.57,139.521,234604,33363456.0,1632848880
218,2021-09-29 01:09:00,139.54,139.48,139.555,139.48,156244,22222848.0,1632848940
219,2021-09-29 01:10:00,139.539,139.495,139.539,139.46,162116,23036928.0,1632849000
220,2021-09-29 01:11:00,139.44,139.51,139.56,139.44,274656,39033344.0,1632849060
221,2021-09-29 01:12:00,139.525,139.34,139.525,139.34,239824,34065920.0,1632849120
222,2021-09-29 01:13:00,139.3,139.379,139.379,139.291,144664,20532224.0,1632849180
223,2021-09-29 01:14:00,139.359,139.45,139.45,139.359,195648,27771392.0,1632849240
224,2021-09-29 01:15:00,139.41,139.5,139.5,139.41,126088,17906176.0,1632849300
225,2021-09-29 01:16:00,139.498,139.45,139.515,139.45,164512,23377920.0,1632849360
226,2021-09-29 01:17:00,139.4,139.475,139.505,139.4,111592,15851520.0,1632849420
227,2021-09-29 01:18:00,139.515,139.578,139.58,139.515,237096,33700352.0,1632849480
228,2021-09-29 01:19:00,139.56,139.551,139.56,139.477,180496,25657344.0,1632849540
229,2021-09-29 01:20:00,139.548,139.52,139.548,139.475,139268,19776512.0,1632849600
230,2021-09-29 01:21:00,139.448,139.53,139.53,139.435,164388,23358464.0,1632849660
231,2021-09-29 01:22:00,139.52,139.54,139.54,139.47,112456,15974400.0,1632849720
232,2021-09-29 01:23:00,139.54,139.57,139.57,139.535,114492,16261120.0,1632849780
233,2021-09-29 01:24:00,139.559,139.59,139.595,139.559,111700,15881216.0,1632849840
234,2021-09-29 01:25:00,139.6,139.615,139.615,139.582,111248,15790080.0,1632849900
235,2021-09-29 01:26:00,139.64,139.76,139.824,139.64,316852,45090816.0,1632849960
236,2021-09-29 01:27:00,139.76,139.745,139.76,139.72,202536,28813312.0,1632850020
237,2021-09-29 01:28:00,139.818,139.78,139.818,139.76,226684,32262144.0,1632850080
238,2021-09-29 01:29:00,139.772,139.745,139.78,139.745,168232,23950336.0,1632850140
239,2021-09-29 01:30:00,139.769,139.75,139.79,139.75,135832,19343360.0,1632850200
240,2021-09-29 01:31:00,139.72,139.635,139.72,139.6,179568,25556992.0,1632850260
241,2021-09-29 01:32:00,139.655,139.61,139.655,139.603,100040,14223360.0,1632850320
242,2021-09-29 01:33:00,139.59,139.57,139.59,139.55,137616,19553280.0,1632850380
243,2021-09-29 01:34:00,139.59,139.575,139.625,139.555,121792,17300480.0,1632850440
244,2021-09-29 01:35:00,139.57,139.53,139.571,139.52,107244,15237120.0,1632850500
245,2021-09-29 01:36:00,139.522,139.515,139.531,139.515,72560,10305536.0,1632850560
246,2021-09-29 01:37:00,139.51,139.655,139.655,139.51,128540,18267136.0,1632850620
247,2021-09-29 01:38:00,139.645,139.575,139.645,139.565,136300,19352576.0,1632850680
248,2021-09-29 01:39:00,139.565,139.565,139.59,139.56,90472,12850176.0,1632850740
249,2021-09-29 01:40:00,139.59,139.63,139.65,139.576,141984,20180992.0,1632850800
250,2021-09-29 01:41:00,139.65,139.875,139.875,139.65,258908,36862976.0,1632850860
251,2021-09-29 01:42:00,139.871,139.779,139.871,139.779,133020,18948096.0,1632850920
252,2021-09-29 01:43:00,139.8,139.76,139.8,139.735,136164,19375104.0,1632850980
253,2021-09-29 01:44:00,139.77,139.76,139.808,139.76,142768,20312064.0,1632851040
254,2021-09-29 01:45:00,139.72,139.631,139.72,139.63,124448,17696768.0,1632851100
255,2021-09-29 01:46:00,139.665,139.69,139.743,139.665,137896,19615744.0,1632851160
256,2021-09-29 01:47:00,139.615,139.585,139.621,139.565,99984,14200832.0,1632851220
257,2021-09-29 01:48:00,139.58,139.56,139.607,139.55,132052,18754560.0,1632851280
258,2021-09-29 01:49:00,139.52,139.495,139.52,139.49,119148,16932864.0,1632851340
259,2021-09-29 01:50:00,139.49,139.511,139.542,139.49,93152,13230080.0,1632851400
260,2021-09-29 01:51:00,139.53,139.46,139.53,139.46,121496,17245184.0,1632851460
261,2021-09-29 01:52:00,139.47,139.39,139.47,139.38,236564,33538048.0,1632851520
262,2021-09-29 01:53:00,139.415,139.41,139.425,139.405,100236,14222336.0,1632851580
263,2021-09-29 01:54:00,139.43,139.39,139.455,139.39,172436,24482816.0,1632851640
264,2021-09-29 01:55:00,139.37,139.342,139.37,139.342,181636,25776128.0,1632851700
265,2021-09-29 01:56:00,139.36,139.38,139.415,139.36,150080,21295104.0,1632851760
266,2021-09-29 01:57:00,139.405,139.43,139.43,139.405,124920,17732608.0,1632851820
267,2021-09-29 01:58:00,139.415,139.392,139.42,139.392,114384,16234496.0,1632851880
268,2021-09-29 01:59:00,139.392,139.395,139.44,139.392,175420,24889344.0,1632851940
269,2021-09-29 02:00:00,139.405,139.38,139.405,139.36,114836,16285696.0,1632852000
270,2021-09-29 02:01:00,139.38,139.49,139.49,139.38,148184,21031936.0,1632852060
271,2021-09-29 02:02:00,139.45,139.41,139.45,139.395,144656,20541440.0,1632852120
272,2021-09-29 02:03:00,139.44,139.435,139.47,139.39,165620,23524352.0,1632852180
273,2021-09-29 02:04:00,139.435,139.435,139.46,139.435,96108,13654016.0,1632852240
274,2021-09-29 02:05:00,139.416,139.401,139.416,139.36,167616,23785472.0,1632852300
275,2021-09-29 02:06:00,139.43,139.415,139.43,139.35,132776,18845696.0,1632852360
276,2021-09-29 02:07:00,139.379,139.505,139.505,139.379,119208,16924672.0,1632852420
277,2021-09-29 02:08:00,139.51,139.465,139.51,139.45,162888,23131136.0,1632852480
278,2021-09-29 02:09:00,139.455,139.395,139.458,139.39,67952,9643008.0,1632852540
279,2021-09-29 02:10:00,139.418,139.43,139.43,139.4,70800,10051584.0,1632852600
280,2021-09-29 02:11:00,139.36,139.24,139.36,139.24,301960,42805248.0,1632852660
281,2021-09-29 02:12:00,139.26,139.205,139.26,139.15,371912,52664320.0,1632852720
282,2021-09-29 02:13:00,139.19,139.235,139.235,139.18,192000,27220992.0,1632852780
283,2021-09-29 02:14:00,139.21,139.21,139.269,139.205,122112,17314816.0,1632852840
284,2021-09-29 02:15:00,139.175,139.175,139.2,139.145,177488,25133056.0,1632852900
285,2021-09-29 02:16:00,139.17,139.24,139.25,139.17,154880,21958656.0,1632852960
286,2021-09-29 02:17:00,139.3,139.43,139.43,139.275,247280,35081216.0,1632853020
287,2021-09-29 02:18:00,139.43,139.402,139.43,139.36,188352,26737664.0,1632853080
288,2021-09-29 02:19:00,139.37,139.371,139.445,139.37,183824,26089472.0,1632853140
289,2021-09-29 02:20:00,139.405,139.58,139.58,139.405,214704,30489600.0,1632853200
290,2021-09-29 02:21:00,139.565,139.635,139.635,139.565,174784,24840192.0,1632853260
291,2021-09-29 02:22:00,139.61,139.67,139.72,139.61,180704,25695232.0,1632853320
292,2021-09-29 02:23:00,139.665,139.615,139.665,139.615,153304,21805056.0,1632853380
293,2021-09-29 02:24:00,139.698,139.634,139.71,139.615,164848,23455744.0,1632853440
294,2021-09-29 02:25:00,139.68,139.83,139.83,139.68,178512,25398272.0,1632853500
295,2021-09-29 02:26:00,139.8,139.88,139.88,139.8,234544,33405952.0,1632853560
296,2021-09-29 02:27:00,139.825,139.815,139.825,139.79,139104,19800064.0,1632853620
297,2021-09-29 02:28:00,139.81,139.83,139.835,139.785,104616,14893056.0,1632853680
298,2021-09-29 02:29:00,139.85,139.815,139.85,139.78,122752,17484800.0,1632853740
299,2021-09-29 02:30:00,139.815,139.979,139.993,139.81,191256,27256832.0,1632853800
300,2021-09-29 02:31:00,139.916,139.757,139.916,139.757,199080,28344320.0,1632853860
301,2021-09-29 02:32:00,139.805,139.858,139.861,139.805,113464,16159744.0,1632853920
302,2021-09-29 02:33:00,139.811,139.855,139.855,139.81,124968,17788928.0,1632853980
303,2021-09-29 02:34:00,139.862,139.855,139.87,139.838,86480,12314624.0,1632854040
304,2021-09-29 02:35:00,139.87,139.76,139.87,139.76,215216,30633984.0,1632854100
305,2021-09-29 02:36:00,139.745,139.62,139.778,139.62,227072,32318464.0,1632854160
306,2021-09-29 02:37:00,139.67,139.642,139.67,139.623,147832,21035008.0,1632854220
307,2021-09-29 02:38:00,139.655,139.73,139.73,139.655,123744,17598464.0,1632854280
308,2021-09-29 02:39:00,139.725,139.78,139.815,139.725,165768,23622656.0,1632854340
309,2021-09-29 02:40:00,139.78,139.775,139.81,139.76,148736,21176320.0,1632854400
310,2021-09-29 02:41:00,139.835,139.839,139.875,139.835,192304,27397120.0,1632854460
311,2021-09-29 02:42:00,139.85,139.822,139.87,139.82,101200,14415872.0,1632854520
312,2021-09-29 02:43:00,139.81,139.885,139.885,139.779,210872,30041088.0,1632854580
313,2021-09-29 02:44:00,139.865,139.87,139.9,139.855,160576,22881280.0,1632854640
314,2021-09-29 02:45:00,139.875,139.895,139.895,139.826,178040,25367552.0,1632854700
315,2021-09-29 02:46:00,139.92,140.06,140.06,139.885,284088,40485888.0,1632854760
316,2021-09-29 02:47:00,140.035,140.191,140.191,140.035,252696,36036608.0,1632854820
317,2021-09-29 02:48:00,140.148,140.14,140.17,140.13,223424,31889408.0,1632854880
318,2021-09-29 02:49:00,140.135,140.02,140.135,139.995,220632,31474688.0,1632854940
319,2021-09-29 02:50:00,140.005,140.02,140.05,140.005,163872,23373824.0,1632855000
320,2021-09-29 02:51:00,140.1,140.038,140.1,140.015,116248,16576512.0,1632855060
321,2021-09-29 02:52:00,140.058,140.02,140.058,140.0,134216,19147776.0,1632855120
322,2021-09-29 02:53:00,140.027,139.99,140.027,139.968,162312,23133184.0,1632855180
323,2021-09-29 02:54:00,140.005,139.95,140.005,139.93,173784,24784896.0,1632855240
324,2021-09-29 02:55:00,139.945,139.96,139.975,139.945,107592,15343616.0,1632855300
325,2021-09-29 02:56:00,139.988,140.175,140.175,139.988,265512,37869568.0,1632855360
326,2021-09-29 02:57:00,140.179,140.14,140.179,140.115,156720,22381568.0,1632855420
327,2021-09-29 02:58:00,140.13,140.135,140.17,140.13,107544,15345664.0,1632855480
328,2021-09-29 02:59:00,140.17,140.085,140.17,140.06,207472,29619200.0,1632855540
329,2021-09-29 03:00:00,140.11,140.087,140.12,140.087,93656,13360128.0,1632855600
330,2021-09-29 03:01:00,140.085,140.155,140.19,140.065,240536,34327552.0,1632855660
331,2021-09-29 03:02:00,140.2,140.16,140.27,140.16,249912,35692544.0,1632855720
332,2021-09-29 03:03:00,140.12,139.98,140.12,139.95,270184,38543360.0,1632855780
333,2021-09-29 03:04:00,140.06,140.145,140.145,140.06,157184,22446080.0,1632855840
334,2021-09-29 03:05:00,140.125,140.076,140.125,140.066,147472,21048320.0,1632855900
335,2021-09-29 03:06:00,140.065,140.02,140.065,139.995,122568,17475584.0,1632855960
336,2021-09-29 03:07:00,140.04,140.14,140.18,140.04,159600,22779904.0,1632856020
337,2021-09-29 03:08:00,140.15,140.2,140.21,140.15,149104,21285888.0,1632856080
338,2021-09-29 03:09:00,140.179,140.285,140.305,140.179,150136,21434368.0,1632856140
339,2021-09-29 03:10:00,140.295,140.195,140.295,140.18,199608,28513280.0,1632856200
340,2021-09-29 03:11:00,140.16,140.185,140.25,140.16,201176,28721152.0,1632856260
341,2021-09-29 03:12:00,140.14,140.23,140.23,140.14,151976,21694464.0,1632856320
342,2021-09-29 03:13:00,140.265,140.25,140.285,140.25,103376,14766080.0,1632856380
343,2021-09-29 03:14:00,140.255,140.23,140.27,140.23,145848,20815872.0,1632856440
344,2021-09-29 03:15:00,140.215,140.15,140.225,140.15,122952,17560576.0,1632856500
345,2021-09-29 03:16:00,140.14,140.17,140.17,140.12,172416,24619008.0,1632856560
346,2021-09-29 03:17:00,140.242,140.13,140.26,140.13,200936,28698624.0,1632856620
347,2021-09-29 03:18:00,140.17,140.205,140.21,140.146,139032,19841024.0,1632856680
348,2021-09-29 03:19:00,140.25,140.225,140.26,140.213,115136,16440320.0,1632856740
349,2021-09-29 03:20:00,140.18,140.16,140.18,140.14,191000,27260928.0,1632856800
350,2021-09-29 03:21:00,140.13,140.215,140.215,140.1,207032,29546496.0,1632856860
351,2021-09-29 03:22:00,140.185,140.21,140.295,140.185,195592,27939840.0,1632856920
352,2021-09-29 03:23:00,140.15,140.05,140.15,140.05,136072,19420160.0,1632856980
353,2021-09-29 03:24:00,140.045,139.92,140.045,139.92,203280,28980224.0,1632857040
354,2021-09-29 03:25:00,139.94,139.91,139.95,139.91,193464,27570176.0,1632857100
355,2021-09-29 03:26:00,139.89,139.885,139.895,139.795,243808,34741248.0,1632857160
356,2021-09-29 03:27:00,139.9,139.9,139.918,139.88,232096,33081344.0,1632857220
357,2021-09-29 03:28:00,139.92,139.925,139.93,139.9,155568,22168576.0,1632857280
358,2021-09-29 03:29:00,139.945,139.905,140.005,139.905,138944,19812352.0,1632857340
359,2021-09-29 03:30:00,139.89,139.775,139.89,139.775,187368,26695680.0,1632857400
360,2021-09-29 03:31:00,139.775,139.87,139.88,139.775,230856,32884736.0,1632857460
361,2021-09-29 03:32:00,139.89,139.785,139.89,139.785,128592,18321408.0,1632857520
362,2021-09-29 03:33:00,139.79,139.95,139.95,139.79,176544,25163776.0,1632857580
363,2021-09-29 03:34:00,139.97,139.885,139.97,139.885,164840,23488512.0,1632857640
364,2021-09-29 03:35:00,139.855,139.829,139.875,139.829,145664,20747264.0,1632857700
365,2021-09-29 03:36:00,139.805,139.92,139.92,139.785,184152,26249216.0,1632857760
366,2021-09-29 03:37:00,139.895,139.95,139.95,139.845,209488,29869056.0,1632857820
367,2021-09-29 03:38:00,139.938,140.005,140.005,139.938,145880,20795392.0,1632857880
368,2021-09-29 03:39:00,140.005,139.965,140.045,139.965,243328,34725888.0,1632857940
369,2021-09-29 03:40:00,139.905,139.77,139.905,139.77,214520,30551040.0,1632858000
370,2021-09-29 03:41:00,139.815,139.895,139.895,139.815,179416,25563136.0,1632858060
371,2021-09-29 03:42:00,139.845,139.9,139.9,139.845,136104,19378176.0,1632858120
372,2021-09-29 03:43:00,139.9,139.975,139.99,139.875,214176,30528512.0,1632858180
373,2021-09-29 03:44:00,140.05,139.86,140.068,139.86,247208,35229696.0,1632858240
374,2021-09-29 03:45:00,139.81,139.76,139.82,139.73,259088,36873216.0,1632858300
375,2021-09-29 03:46:00,139.73,139.72,139.755,139.71,218800,31138816.0,1632858360
376,2021-09-29 03:47:00,139.68,139.515,139.68,139.515,268280,38140928.0,1632858420
377,2021-09-29 03:48:00,139.51,139.445,139.51,139.445,372168,52875264.0,1632858480
378,2021-09-29 03:49:00,139.435,139.48,139.519,139.435,432568,61451264.0,1632858540
379,2021-09-29 03:50:00,139.45,139.425,139.45,139.41,248280,35236864.0,1632858600
380,2021-09-29 03:51:00,139.39,139.34,139.39,139.24,750648,106544128.0,1632858660
381,2021-09-29 03:52:00,139.45,139.49,139.52,139.38,737792,104833024.0,1632858720
382,2021-09-29 03:53:00,139.495,139.57,139.58,139.495,435560,61923328.0,1632858780
383,2021-09-29 03:54:00,139.551,139.53,139.56,139.49,399288,56800256.0,1632858840
384,2021-09-29 03:55:00,139.618,139.525,139.618,139.52,413624,58820608.0,1632858900
385,2021-09-29 03:56:00,139.33,139.345,139.47,139.33,962640,136786944.0,1632858960
386,2021-09-29 03:57:00,139.37,139.415,139.42,139.355,635792,90348544.0,1632859020
387,2021-09-29 03:58:00,139.435,139.55,139.6,139.435,1008688,143478784.0,1632859080
388,2021-09-29 03:59:00,139.535,139.442,139.535,139.442,600264,85413888.0,1632859140
389,2021-09-29 04:00:00,139.46,139.34,139.7,139.18,16907568,2358823936.0,1632859200
